Date,Temp_Max,Temp_Min,Rainfall,WindSpeed
2014-01-01,28.5,15.1,0.0,13.4
2014-01-02,28.4,16.5,0.0,13.8
2014-01-03,28.7,15.6,0.0,11.5
2014-01-04,29.9,17.1,0.0,10.5
2014-01-05,28.8,16.1,0.0,12.1
2014-01-06,28.7,14.5,0.0,10.8
2014-01-07,29.6,14.5,0.0,12.8
2014-01-08,30.3,15.4,0.0,12.4
2014-01-09,30.0,16.8,0.0,9.4
2014-01-10,29.6,15.8,0.0,16.8
2014-01-11,28.2,13.0,0.0,10.5
2014-01-12,29.1,12.9,0.0,11.6
2014-01-13,30.2,15.9,0.0,9.1
2014-01-14,29.9,17.9,0.0,12.4
2014-01-15,29.7,17.2,0.0,9.5
2014-01-16,29.9,17.2,0.0,11.8
2014-01-17,28.9,15.2,0.0,18.0
2014-01-18,27.5,12.0,0.0,9.7
2014-01-19,29.6,14.3,0.0,12.4
2014-01-20,30.5,16.4,0.0,13.3
2014-01-21,29.1,18.1,0.2,8.9
2014-01-22,28.9,17.8,0.0,9.7
2014-01-23,29.4,17.8,0.0,8.3
2014-01-24,27.4,17.7,0.2,7.5
2014-01-25,29.9,17.6,0.0,14.3
2014-01-26,28.5,19.8,0.0,16.3
2014-01-27,29.4,18.6,0.0,19.0
2014-01-28,28.5,15.2,0.0,15.0
2014-01-29,29.1,14.2,0.0,11.7
2014-01-30,29.1,15.6,0.0,13.4
2014-01-31,29.2,16.1,0.0,13.2
2014-02-01,29.3,15.9,0.0,12.3
2014-02-02,29.6,15.7,0.0,15.0
2014-02-03,30.6,17.7,0.0,9.0
2014-02-04,31.0,18.0,0.0,11.0
2014-02-05,31.5,18.8,0.0,9.9
2014-02-06,32.6,19.6,0.0,13.7
2014-02-07,32.5,18.2,0.0,13.4
2014-02-08,31.7,17.0,0.0,15.6
2014-02-09,30.2,14.4,0.0,15.0
2014-02-10,29.1,13.0,0.0,15.0
2014-02-11,29.2,13.5,0.0,13.1
2014-02-12,30.0,15.4,0.0,16.0
2014-02-13,27.2,14.5,0.0,23.7
2014-02-14,25.5,14.8,0.0,18.7
2014-02-15,25.8,12.8,0.0,20.8
2014-02-16,25.9,12.9,0.0,7.8
2014-02-17,27.9,12.2,0.0,19.5
2014-02-18,29.9,13.6,0.0,15.7
2014-02-19,31.5,15.3,0.0,10.1
2014-02-20,32.6,19.2,0.0,15.6
2014-02-21,29.7,19.1,0.0,15.6
2014-02-22,29.6,16.3,0.0,13.0
2014-02-23,31.5,17.3,0.1,8.1
2014-02-24,33.0,18.6,0.2,18.1
2014-02-25,33.6,18.3,0.0,13.1
2014-02-26,32.3,20.0,0.4,16.0
2014-02-27,30.4,18.3,1.2,19.2
2014-02-28,27.8,16.2,0.0,16.8
2014-03-01,28.5,12.9,0.0,10.5
2014-03-02,29.6,13.5,0.0,16.3
2014-03-03,30.1,16.0,0.0,18.6
2014-03-04,30.4,17.2,0.0,14.4
2014-03-05,30.5,17.0,0.0,16.3
2014-03-06,30.7,16.3,0.0,13.0
2014-03-07,31.2,17.0,0.0,13.1
2014-03-08,33.0,17.1,1.1,17.4
2014-03-09,31.1,18.5,3.1,16.1
2014-03-10,31.4,18.4,0.0,16.8
2014-03-11,32.8,18.1,0.0,16.3
2014-03-12,33.1,19.8,0.1,11.4
2014-03-13,32.6,19.1,0.7,11.4
2014-03-14,33.7,19.1,0.0,12.6
2014-03-15,34.6,21.3,0.0,10.7
2014-03-16,34.5,22.5,0.0,12.4
2014-03-17,33.9,23.2,0.0,9.2
2014-03-18,34.3,24.0,0.0,7.4
2014-03-19,35.2,22.2,0.0,12.6
2014-03-20,36.6,24.1,0.0,13.0
2014-03-21,36.2,20.5,0.0,19.1
2014-03-22,35.0,18.9,0.0,16.7
2014-03-23,36.8,19.6,0.0,13.3
2014-03-24,36.1,21.0,0.0,18.8
2014-03-25,36.1,19.7,0.0,14.8
2014-03-26,37.1,20.2,0.0,10.7
2014-03-27,37.8,22.9,0.1,17.7
2014-03-28,37.2,21.4,0.0,14.9
2014-03-29,37.8,22.1,0.0,13.0
2014-03-30,38.3,24.1,0.0,14.9
2014-03-31,38.3,23.3,0.3,17.2
2014-04-01,37.1,20.6,0.0,16.9
2014-04-02,36.3,19.9,0.0,16.7
2014-04-03,37.3,20.2,0.0,14.0
2014-04-04,38.0,22.8,0.0,16.8
2014-04-05,39.1,22.5,0.0,15.9
2014-04-06,38.4,22.9,0.0,17.7
2014-04-07,37.6,23.5,0.0,17.0
2014-04-08,36.0,22.8,0.0,11.2
2014-04-09,36.4,21.4,0.0,14.6
2014-04-10,36.7,20.7,0.0,17.3
2014-04-11,36.8,21.5,0.0,18.9
2014-04-12,36.9,20.8,0.0,17.7
2014-04-13,37.0,18.0,0.0,18.0
2014-04-14,37.6,18.5,0.0,17.3
2014-04-15,37.6,20.3,0.0,14.5
2014-04-16,37.8,21.4,2.0,14.1
2014-04-17,36.2,22.3,0.9,15.8
2014-04-18,37.0,21.9,3.6,16.2
2014-04-19,37.2,21.3,1.2,11.7
2014-04-20,36.5,22.8,1.8,12.8
2014-04-21,36.2,24.2,1.7,11.5
2014-04-22,36.1,23.5,0.1,10.3
2014-04-23,36.6,25.5,0.0,12.4
2014-04-24,38.8,24.8,0.0,16.4
2014-04-25,39.1,22.9,0.0,17.6
2014-04-26,39.7,22.3,0.0,17.8
2014-04-27,39.6,21.7,0.0,16.1
2014-04-28,39.2,23.3,1.1,15.5
2014-04-29,39.1,23.7,0.0,15.9
2014-04-30,38.7,23.8,1.9,14.8
2014-05-01,39.5,23.9,1.5,14.3
2014-05-02,38.5,23.4,0.6,13.4
2014-05-03,38.5,23.4,1.5,14.0
2014-05-04,37.8,22.4,0.0,17.7
2014-05-05,38.1,20.7,0.0,14.7
2014-05-06,37.5,24.1,0.0,8.3
2014-05-07,37.7,26.3,2.5,9.4
2014-05-08,36.2,25.1,0.6,11.3
2014-05-09,34.0,25.7,5.0,11.6
2014-05-10,34.9,23.4,0.0,20.9
2014-05-11,35.4,20.5,0.0,18.7
2014-05-12,35.9,20.6,0.0,19.7
2014-05-13,35.9,21.5,0.5,18.2
2014-05-14,34.5,21.6,0.5,16.9
2014-05-15,35.5,21.9,0.1,18.1
2014-05-16,35.2,22.2,0.0,14.5
2014-05-17,36.3,22.5,0.2,16.2
2014-05-18,36.6,24.2,3.6,12.9
2014-05-19,36.5,24.8,2.3,9.8
2014-05-20,36.9,25.6,2.4,15.8
2014-05-21,36.7,24.1,1.2,14.3
2014-05-22,35.2,23.5,0.0,18.3
2014-05-23,36.6,22.2,0.0,15.5
2014-05-24,38.1,22.5,0.0,17.2
2014-05-25,38.1,22.2,0.0,17.4
2014-05-26,38.1,22.5,0.1,14.9
2014-05-27,36.5,24.2,8.3,13.0
2014-05-28,36.5,24.7,2.7,15.4
2014-05-29,35.6,24.0,2.0,15.0
2014-05-30,35.6,23.8,0.8,17.3
2014-05-31,36.1,22.3,0.0,16.1
2014-06-01,36.4,22.2,0.0,14.8
2014-06-02,37.8,23.3,0.7,15.0
2014-06-03,33.0,25.2,2.8,13.5
2014-06-04,34.9,24.2,0.0,14.7
2014-06-05,34.2,24.6,3.2,17.0
2014-06-06,34.8,24.6,0.6,17.0
2014-06-07,35.5,24.0,0.3,18.0
2014-06-08,35.1,24.7,0.0,17.4
2014-06-09,34.6,24.6,1.4,13.2
2014-06-10,35.8,24.6,6.9,14.0
2014-06-11,33.2,24.7,0.3,22.7
2014-06-12,32.3,24.0,0.5,19.0
2014-06-13,31.7,23.4,0.6,20.0
2014-06-14,30.6,23.1,1.9,21.3
2014-06-15,29.5,23.3,1.9,23.5
2014-06-16,29.8,23.3,2.3,21.9
2014-06-17,30.1,23.2,1.3,21.0
2014-06-18,29.7,23.0,3.2,22.6
2014-06-19,29.2,23.2,3.8,19.2
2014-06-20,29.7,23.4,4.1,26.6
2014-06-21,30.6,23.5,2.7,27.3
2014-06-22,29.7,23.0,1.5,27.1
2014-06-23,29.9,23.0,1.9,25.6
2014-06-24,30.5,23.0,1.9,25.7
2014-06-25,30.6,22.9,1.0,23.2
2014-06-26,31.8,22.3,0.0,18.4
2014-06-27,32.4,21.8,0.0,15.4
2014-06-28,32.2,22.7,0.0,17.1
2014-06-29,32.3,22.3,0.0,18.9
2014-06-30,31.7,22.7,0.7,21.2
2014-07-01,31.2,22.8,2.4,19.7
2014-07-02,29.6,22.7,1.7,18.8
2014-07-03,27.6,22.4,3.2,14.8
2014-07-04,28.5,22.6,2.0,16.3
2014-07-05,31.0,23.1,2.5,16.6
2014-07-06,31.2,22.8,2.2,16.5
2014-07-07,30.2,22.8,1.7,17.7
2014-07-08,29.3,22.7,2.8,16.6
2014-07-09,26.6,22.3,9.6,14.2
2014-07-10,26.6,22.3,16.9,17.3
2014-07-11,26.1,22.3,14.1,22.5
2014-07-12,25.2,21.9,8.0,19.5
2014-07-13,26.5,22.5,4.0,18.1
2014-07-14,27.5,22.5,7.4,16.5
2014-07-15,24.4,22.4,22.9,19.2
2014-07-16,24.9,22.3,22.4,25.3
2014-07-17,26.0,22.5,16.4,27.4
2014-07-18,25.9,22.3,13.4,25.3
2014-07-19,26.0,22.1,13.2,25.6
2014-07-20,25.9,22.3,5.5,25.4
2014-07-21,24.9,21.9,4.7,23.1
2014-07-22,22.6,21.0,10.6,18.4
2014-07-23,22.1,21.3,31.4,23.1
2014-07-24,25.5,21.5,12.2,23.6
2014-07-25,26.5,21.2,4.4,19.5
2014-07-26,26.2,22.2,2.3,17.8
2014-07-27,26.0,22.1,14.0,20.6
2014-07-28,23.5,22.0,34.2,18.4
2014-07-29,23.3,21.9,52.8,23.3
2014-07-30,24.5,21.8,63.6,18.0
2014-07-31,24.2,22.5,31.0,17.3
2014-08-01,26.6,22.3,19.9,23.3
2014-08-02,26.0,22.2,7.6,27.1
2014-08-03,26.4,21.9,12.3,23.1
2014-08-04,25.8,22.2,19.1,26.1
2014-08-05,24.9,21.7,18.9,24.1
2014-08-06,24.7,21.6,11.4,25.4
2014-08-07,25.3,21.7,10.7,22.3
2014-08-08,25.5,21.4,7.2,19.8
2014-08-09,26.6,21.8,3.9,17.8
2014-08-10,26.3,21.9,3.7,17.1
2014-08-11,26.2,21.9,2.2,15.0
2014-08-12,26.1,21.4,2.4,17.7
2014-08-13,26.1,21.6,3.3,19.1
2014-08-14,26.3,21.9,5.5,19.8
2014-08-15,26.0,21.6,6.3,22.2
2014-08-16,25.7,21.7,5.6,21.8
2014-08-17,26.6,21.7,1.3,15.5
2014-08-18,27.8,21.0,2.2,10.2
2014-08-19,29.4,21.5,5.6,10.4
2014-08-20,29.0,22.8,4.5,9.3
2014-08-21,29.0,22.9,12.2,9.7
2014-08-22,26.4,22.1,9.3,7.9
2014-08-23,29.5,21.9,13.6,8.9
2014-08-24,29.9,21.6,34.3,8.9
2014-08-25,27.9,22.0,22.7,9.7
2014-08-26,25.7,21.6,19.5,13.7
2014-08-27,25.1,20.9,15.9,10.9
2014-08-28,25.3,21.0,14.1,8.6
2014-08-29,27.8,21.5,28.3,8.0
2014-08-30,25.8,22.3,18.4,10.9
2014-08-31,24.6,22.1,27.1,18.9
2014-09-01,24.1,21.7,26.4,21.6
2014-09-02,25.2,21.5,11.6,21.3
2014-09-03,26.1,22.1,7.1,26.7
2014-09-04,26.0,21.9,6.6,25.4
2014-09-05,25.6,21.9,12.0,18.1
2014-09-06,26.2,21.9,2.6,19.8
2014-09-07,25.7,21.5,1.5,19.8
2014-09-08,22.8,21.6,10.1,19.4
2014-09-09,24.9,21.3,5.7,22.1
2014-09-10,25.6,21.4,4.2,17.0
2014-09-11,25.9,21.4,1.7,15.8
2014-09-12,26.3,21.5,1.7,15.9
2014-09-13,27.0,21.6,1.1,15.9
2014-09-14,27.1,21.3,2.2,14.5
2014-09-15,28.4,20.5,0.0,14.0
2014-09-16,27.9,20.8,0.3,14.9
2014-09-17,27.8,20.5,2.3,10.9
2014-09-18,28.0,21.2,3.7,13.1
2014-09-19,27.5,21.0,1.1,13.7
2014-09-20,27.3,21.4,4.8,14.2
2014-09-21,28.2,20.8,0.1,12.0
2014-09-22,28.5,21.0,0.1,12.4
2014-09-23,29.3,21.1,0.0,11.2
2014-09-24,29.5,21.5,3.6,10.3
2014-09-25,30.3,21.6,7.0,10.4
2014-09-26,30.7,21.8,0.5,10.5
2014-09-27,31.3,20.5,0.0,12.7
2014-09-28,30.7,20.0,0.0,15.9
2014-09-29,31.1,21.6,0.0,14.8
2014-09-30,31.7,21.6,0.5,16.2
2014-10-01,31.4,22.5,0.0,9.8
2014-10-02,31.1,23.1,0.4,9.4
2014-10-03,31.8,22.9,0.0,9.4
2014-10-04,32.2,23.2,2.0,10.1
2014-10-05,32.1,22.5,3.2,8.2
2014-10-06,32.0,22.4,0.4,10.1
2014-10-07,31.5,22.1,3.8,8.4
2014-10-08,30.7,21.6,4.6,10.6
2014-10-09,30.6,21.3,3.7,9.5
2014-10-10,31.0,22.0,4.7,10.9
2014-10-11,32.0,21.9,0.0,13.6
2014-10-12,32.1,21.6,0.0,14.0
2014-10-13,31.3,19.7,0.0,14.0
2014-10-14,31.8,19.3,0.0,9.6
2014-10-15,33.6,20.5,0.0,10.9
2014-10-16,32.2,22.7,0.6,14.6
2014-10-17,31.8,22.5,1.8,10.5
2014-10-18,31.0,21.7,2.7,6.4
2014-10-19,31.6,21.5,1.3,9.7
2014-10-20,32.5,21.8,0.0,13.4
2014-10-21,32.3,20.6,0.0,14.3
2014-10-22,31.9,22.0,0.0,16.6
2014-10-23,32.2,22.0,0.0,15.8
2014-10-24,30.4,20.7,0.0,13.1
2014-10-25,23.7,20.2,12.6,14.1
2014-10-26,23.3,18.9,6.1,16.8
2014-10-27,23.4,19.2,0.8,9.9
2014-10-28,28.7,18.4,0.0,13.4
2014-10-29,28.9,16.5,0.0,14.3
2014-10-30,29.6,16.4,0.0,18.9
2014-10-31,30.0,16.9,0.0,14.8
2014-11-01,31.1,18.4,0.0,15.3
2014-11-02,31.9,18.6,0.0,15.8
2014-11-03,32.2,18.7,0.0,15.1
2014-11-04,31.7,19.1,0.0,9.1
2014-11-05,31.7,19.7,0.0,9.7
2014-11-06,31.9,20.0,0.0,8.7
2014-11-07,31.7,20.3,0.0,9.8
2014-11-08,31.9,19.0,0.0,15.0
2014-11-09,31.5,18.7,0.0,16.3
2014-11-10,32.0,18.8,0.0,11.9
2014-11-11,31.1,21.4,5.6,9.7
2014-11-12,32.2,20.3,0.0,11.7
2014-11-13,31.5,21.7,1.0,17.4
2014-11-14,28.2,21.9,5.3,20.3
2014-11-15,24.4,21.2,16.3,10.8
2014-11-16,28.3,20.3,0.6,9.3
2014-11-17,29.6,19.6,1.2,8.8
2014-11-18,29.9,20.1,0.8,12.6
2014-11-19,29.3,19.7,0.1,11.4
2014-11-20,29.8,19.1,0.0,9.7
2014-11-21,29.0,18.7,0.0,11.0
2014-11-22,29.4,18.5,0.0,9.2
2014-11-23,29.6,19.2,0.0,11.2
2014-11-24,29.4,17.7,0.0,15.1
2014-11-25,29.1,17.2,0.0,13.1
2014-11-26,29.2,15.2,0.0,15.1
2014-11-27,29.4,14.9,0.0,11.4
2014-11-28,29.8,16.5,0.0,10.7
2014-11-29,29.7,16.6,0.0,12.3
2014-11-30,29.6,16.8,0.0,13.8
2014-12-01,28.1,14.9,0.0,14.1
2014-12-02,30.0,15.8,0.0,17.6
2014-12-03,29.9,16.8,0.0,10.5
2014-12-04,30.1,18.2,0.0,11.2
2014-12-05,29.8,15.7,0.0,11.3
2014-12-06,29.9,15.1,0.0,13.3
2014-12-07,29.9,15.7,0.0,10.3
2014-12-08,30.4,16.2,0.0,9.1
2014-12-09,31.0,19.0,0.0,9.4
2014-12-10,31.2,18.5,0.0,8.2
2014-12-11,31.0,19.6,6.2,10.0
2014-12-12,29.1,19.7,5.6,6.4
2014-12-13,27.1,19.5,3.6,11.5
2014-12-14,28.3,18.3,0.0,11.9
2014-12-15,26.6,13.8,0.0,11.3
2014-12-16,26.8,12.9,0.0,14.8
2014-12-17,25.8,13.3,0.0,14.0
2014-12-18,26.2,11.7,0.0,15.3
2014-12-19,27.6,12.8,0.0,12.7
2014-12-20,26.9,15.3,0.0,10.1
2014-12-21,27.9,13.5,0.0,9.6
2014-12-22,28.3,12.2,0.0,9.8
2014-12-23,28.5,13.3,0.0,9.8
2014-12-24,28.7,14.3,0.0,10.6
2014-12-25,28.2,14.9,0.0,9.1
2014-12-26,27.4,14.0,0.0,13.7
2014-12-27,26.7,12.8,0.0,14.8
2014-12-28,26.4,12.1,0.0,12.5
2014-12-29,28.0,12.2,0.0,9.1
2014-12-30,28.8,14.1,0.0,14.7
2014-12-31,24.3,15.4,0.3,10.5
2015-01-01,23.6,16.7,0.6,9.3
2015-01-02,25.1,14.2,0.0,13.5
2015-01-03,25.3,16.4,0.0,7.1
2015-01-04,26.1,15.5,0.0,15.8
2015-01-05,27.3,15.2,0.0,14.3
2015-01-06,28.3,15.9,0.0,8.1
2015-01-07,28.9,16.7,0.0,11.9
2015-01-08,27.9,14.9,0.0,13.7
2015-01-09,27.3,12.6,0.0,12.0
2015-01-10,27.5,13.0,0.0,10.8
2015-01-11,28.2,13.2,0.0,11.6
2015-01-12,27.7,12.5,0.0,12.2
2015-01-13,28.1,14.7,0.0,9.2
2015-01-14,28.9,14.8,0.0,9.6
2015-01-15,28.2,14.0,0.0,10.2
2015-01-16,28.1,13.6,0.0,10.7
2015-01-17,28.0,14.3,0.0,10.5
2015-01-18,28.6,14.6,0.0,9.4
2015-01-19,29.1,16.0,0.0,11.0
2015-01-20,28.1,14.3,0.0,12.4
2015-01-21,28.9,15.1,0.0,12.1
2015-01-22,28.4,16.4,0.0,14.0
2015-01-23,27.5,16.3,0.0,9.4
2015-01-24,29.2,17.4,0.0,10.5
2015-01-25,28.6,18.5,0.0,10.6
2015-01-26,28.1,17.4,0.0,9.9
2015-01-27,29.5,17.1,0.0,10.9
2015-01-28,29.4,15.4,0.0,10.8
2015-01-29,29.2,16.1,0.0,8.8
2015-01-30,29.2,15.8,0.0,15.3
2015-01-31,29.7,15.6,0.0,13.4
2015-02-01,30.7,18.4,0.0,8.7
2015-02-02,31.5,17.2,0.0,13.6
2015-02-03,30.4,16.8,0.0,13.6
2015-02-04,30.7,16.6,0.0,16.5
2015-02-05,30.1,17.2,0.0,13.0
2015-02-06,30.2,15.6,0.0,13.9
2015-02-07,30.8,17.3,0.0,16.5
2015-02-08,28.7,14.5,0.0,9.3
2015-02-09,30.2,15.1,0.0,15.5
2015-02-10,31.4,16.6,1.1,15.0
2015-02-11,30.1,16.8,0.0,10.7
2015-02-12,30.2,18.2,0.0,9.1
2015-02-13,31.2,18.0,0.0,9.4
2015-02-14,31.9,18.4,0.0,8.9
2015-02-15,32.9,19.2,0.0,10.7
2015-02-16,33.8,19.8,0.0,8.7
2015-02-17,33.9,19.5,0.0,13.6
2015-02-18,32.8,15.5,0.0,15.8
2015-02-19,31.9,17.3,0.0,10.4
2015-02-20,32.6,17.6,0.0,11.4
2015-02-21,32.6,17.6,0.0,16.0
2015-02-22,33.1,18.2,0.0,14.2
2015-02-23,33.2,19.5,0.0,12.4
2015-02-24,33.6,19.5,0.0,10.1
2015-02-25,32.8,17.7,0.0,14.9
2015-02-26,31.8,17.9,0.0,16.3
2015-02-27,30.9,16.3,0.0,15.5
2015-02-28,28.7,16.1,30.7,16.9
2015-03-01,23.4,16.1,19.3,18.2
2015-03-02,24.6,15.6,1.2,19.2
2015-03-03,24.3,14.1,0.0,8.5
2015-03-04,25.8,13.1,0.0,10.5
2015-03-05,29.1,14.1,0.0,11.2
2015-03-06,30.6,16.5,0.0,9.7
2015-03-07,30.6,15.7,0.0,9.7
2015-03-08,31.5,17.2,0.0,9.5
2015-03-09,31.6,18.0,0.0,10.8
2015-03-10,31.2,18.2,1.6,16.1
2015-03-11,30.7,18.9,2.4,11.5
2015-03-12,31.9,18.8,0.4,16.1
2015-03-13,32.8,17.9,2.0,12.0
2015-03-14,32.1,19.2,1.7,12.8
2015-03-15,30.4,20.1,0.0,17.2
2015-03-16,30.8,17.1,0.0,14.1
2015-03-17,32.8,17.4,0.0,12.8
2015-03-18,33.5,18.4,0.0,10.5
2015-03-19,34.9,18.7,0.0,16.4
2015-03-20,35.1,20.9,0.0,11.9
2015-03-21,35.7,22.0,0.2,8.8
2015-03-22,36.4,21.5,0.1,11.0
2015-03-23,36.2,22.1,0.0,7.7
2015-03-24,37.3,21.2,0.0,9.4
2015-03-25,37.5,22.7,0.0,14.7
2015-03-26,37.1,23.1,0.0,9.0
2015-03-27,36.5,22.9,0.0,9.8
2015-03-28,36.4,21.7,1.1,10.2
2015-03-29,34.2,23.5,1.9,9.7
2015-03-30,34.2,21.6,2.0,11.9
2015-03-31,35.2,20.7,0.0,17.4
2015-04-01,35.4,19.7,0.0,15.5
2015-04-02,36.0,18.7,0.0,16.8
2015-04-03,33.8,20.3,0.0,16.6
2015-04-04,34.2,18.0,0.0,18.2
2015-04-05,35.3,17.6,0.0,17.0
2015-04-06,36.6,18.8,0.0,17.4
2015-04-07,36.0,17.8,0.0,15.5
2015-04-08,36.9,20.2,0.0,15.3
2015-04-09,37.3,21.1,0.0,13.7
2015-04-10,34.9,22.8,1.3,13.4
2015-04-11,33.2,22.3,4.4,13.4
2015-04-12,33.2,20.3,0.0,20.1
2015-04-13,31.7,18.6,0.5,16.2
2015-04-14,30.4,18.9,0.0,13.5
2015-04-15,32.4,19.2,0.0,16.7
2015-04-16,32.4,20.9,0.0,13.8
2015-04-17,36.0,21.7,0.0,12.6
2015-04-18,37.9,20.6,0.0,15.9
2015-04-19,39.6,22.6,0.0,12.6
2015-04-20,38.5,24.0,0.0,14.1
2015-04-21,38.5,24.3,1.4,14.4
2015-04-22,37.0,24.8,2.9,14.8
2015-04-23,36.1,24.2,0.2,15.9
2015-04-24,36.2,22.4,0.0,19.6
2015-04-25,36.6,19.4,0.0,17.9
2015-04-26,38.2,20.0,0.0,19.6
2015-04-27,38.6,20.9,0.0,15.8
2015-04-28,38.2,22.4,0.3,17.4
2015-04-29,38.6,22.1,0.0,18.7
2015-04-30,37.9,21.6,0.0,18.1
2015-05-01,37.8,21.3,0.0,17.4
2015-05-02,39.8,21.1,0.0,19.8
2015-05-03,38.9,22.6,0.0,18.9
2015-05-04,39.8,21.7,0.1,20.3
2015-05-05,38.6,23.2,1.2,12.9
2015-05-06,38.2,24.3,1.4,16.1
2015-05-07,38.7,22.9,0.8,13.6
2015-05-08,39.2,23.8,0.5,13.2
2015-05-09,39.0,24.7,2.0,16.6
2015-05-10,38.6,24.1,0.5,13.2
2015-05-11,38.5,23.9,0.1,14.0
2015-05-12,38.6,24.2,2.6,13.6
2015-05-13,36.1,24.4,1.7,12.1
2015-05-14,31.7,24.6,1.1,9.4
2015-05-15,35.3,25.1,3.2,10.8
2015-05-16,36.3,24.5,0.0,15.3
2015-05-17,38.9,24.3,0.2,20.3
2015-05-18,38.8,23.6,0.0,19.5
2015-05-19,36.8,24.0,0.0,18.2
2015-05-20,38.2,22.9,0.0,18.0
2015-05-21,35.9,23.0,0.0,18.6
2015-05-22,37.2,23.0,0.0,17.3
2015-05-23,36.3,23.3,0.1,19.7
2015-05-24,35.3,23.1,0.1,19.5
2015-05-25,34.8,22.9,0.0,20.0
2015-05-26,35.5,22.7,0.1,18.2
2015-05-27,37.1,22.1,0.0,19.2
2015-05-28,37.6,22.2,0.0,17.1
2015-05-29,37.1,22.8,1.8,18.3
2015-05-30,35.9,24.6,1.9,11.9
2015-05-31,37.4,25.1,0.7,15.8
2015-06-01,35.1,23.7,0.0,18.0
2015-06-02,34.5,21.5,0.0,17.0
2015-06-03,36.3,21.5,0.2,15.7
2015-06-04,37.2,22.1,0.0,16.7
2015-06-05,36.9,24.1,10.0,12.2
2015-06-06,34.1,23.9,5.1,10.7
2015-06-07,34.0,24.6,9.0,13.4
2015-06-08,32.4,24.1,5.6,15.8
2015-06-09,33.1,23.5,1.5,13.8
2015-06-10,32.1,24.0,2.0,14.0
2015-06-11,31.6,23.7,10.7,13.7
2015-06-12,28.4,23.6,11.4,14.8
2015-06-13,26.4,22.9,11.8,10.9
2015-06-14,23.7,22.3,22.5,12.4
2015-06-15,25.9,22.2,9.5,16.3
2015-06-16,27.8,22.2,4.4,17.6
2015-06-17,28.4,22.1,3.4,15.9
2015-06-18,28.1,22.7,7.9,19.3
2015-06-19,25.0,22.8,11.0,19.1
2015-06-20,25.7,23.0,15.1,23.2
2015-06-21,26.5,22.8,26.6,26.4
2015-06-22,25.1,22.8,23.1,27.6
2015-06-23,25.7,22.8,24.1,29.1
2015-06-24,26.6,23.4,21.7,31.1
2015-06-25,27.4,22.7,5.4,29.3
2015-06-26,28.4,22.8,3.3,27.9
2015-06-27,28.0,22.9,2.6,23.1
2015-06-28,28.3,22.5,1.3,19.1
2015-06-29,28.9,22.1,0.7,18.0
2015-06-30,27.6,22.4,2.1,16.9
2015-07-01,28.1,22.5,0.3,18.9
2015-07-02,29.3,22.0,0.0,19.6
2015-07-03,29.3,22.1,0.0,21.2
2015-07-04,28.3,22.4,0.1,23.5
2015-07-05,28.7,22.4,1.0,24.2
2015-07-06,28.4,22.3,3.3,27.6
2015-07-07,27.5,22.5,4.5,25.5
2015-07-08,27.8,22.8,3.8,23.5
2015-07-09,28.3,22.8,4.1,26.4
2015-07-10,27.3,23.0,5.5,26.0
2015-07-11,27.2,22.5,4.3,24.9
2015-07-12,28.2,22.7,2.2,19.8
2015-07-13,29.0,22.7,0.4,16.9
2015-07-14,29.8,22.5,0.8,18.2
2015-07-15,29.0,22.7,0.1,20.2
2015-07-16,28.6,22.9,3.6,21.1
2015-07-17,27.5,22.7,4.3,23.2
2015-07-18,27.8,23.0,4.5,23.7
2015-07-19,27.1,22.7,5.3,26.6
2015-07-20,25.4,22.6,5.5,20.3
2015-07-21,25.7,22.8,4.5,18.4
2015-07-22,26.0,22.4,5.3,16.3
2015-07-23,27.3,22.4,9.0,17.1
2015-07-24,27.6,22.6,5.4,18.7
2015-07-25,26.7,22.6,5.6,22.6
2015-07-26,26.3,22.0,8.3,22.4
2015-07-27,25.6,21.8,12.0,26.0
2015-07-28,25.7,21.6,9.3,26.5
2015-07-29,25.1,21.7,8.5,25.6
2015-07-30,26.4,21.5,4.7,24.0
2015-07-31,26.1,21.9,4.0,23.1
2015-08-01,26.8,22.0,3.6,23.3
2015-08-02,26.9,21.6,2.3,20.6
2015-08-03,26.1,22.4,2.4,20.5
2015-08-04,25.6,22.0,4.0,22.0
2015-08-05,23.0,21.8,12.0,23.0
2015-08-06,24.6,21.8,8.2,18.8
2015-08-07,27.2,22.3,4.8,19.5
2015-08-08,27.2,22.2,5.6,18.4
2015-08-09,26.3,22.3,7.1,10.9
2015-08-10,26.4,22.4,2.0,14.7
2015-08-11,27.5,22.1,2.8,16.6
2015-08-12,25.0,21.9,11.3,13.7
2015-08-13,26.3,22.3,2.2,16.3
2015-08-14,27.3,22.3,2.1,17.9
2015-08-15,27.2,21.9,2.7,18.1
2015-08-16,27.4,21.9,1.6,16.9
2015-08-17,27.1,21.9,0.9,14.8
2015-08-18,29.1,21.7,0.3,13.1
2015-08-19,30.4,21.8,0.0,14.4
2015-08-20,29.4,22.1,0.5,16.5
2015-08-21,27.7,21.7,1.7,19.5
2015-08-22,27.1,22.2,3.8,21.3
2015-08-23,26.8,22.4,2.9,18.1
2015-08-24,28.0,22.4,3.9,19.8
2015-08-25,26.7,21.7,2.0,15.9
2015-08-26,27.3,22.0,2.5,15.1
2015-08-27,28.0,21.9,1.7,16.9
2015-08-28,26.2,22.1,2.3,13.0
2015-08-29,26.3,22.1,1.4,13.6
2015-08-30,27.5,22.0,2.1,18.0
2015-08-31,27.5,21.8,1.7,16.8
2015-09-01,28.7,21.5,0.0,17.7
2015-09-02,28.7,21.1,0.8,15.9
2015-09-03,30.9,19.9,0.0,13.7
2015-09-04,31.6,21.5,0.0,14.2
2015-09-05,31.8,21.6,0.1,13.8
2015-09-06,31.1,22.4,0.0,15.5
2015-09-07,30.7,22.0,1.3,14.6
2015-09-08,28.0,21.4,0.2,7.3
2015-09-09,27.8,21.9,8.6,11.2
2015-09-10,28.2,21.8,12.3,10.9
2015-09-11,30.2,22.0,14.0,8.0
2015-09-12,29.0,22.0,8.1,12.3
2015-09-13,29.1,22.0,7.0,13.1
2015-09-14,28.5,22.6,8.1,14.0
2015-09-15,28.4,22.2,7.0,13.2
2015-09-16,27.1,22.5,8.8,13.6
2015-09-17,27.0,22.1,1.8,15.9
2015-09-18,23.3,22.4,14.0,18.7
2015-09-19,27.3,21.9,7.1,20.4
2015-09-20,26.6,22.0,2.6,19.2
2015-09-21,27.6,21.9,1.1,22.3
2015-09-22,28.0,21.8,0.8,15.5
2015-09-23,29.1,21.7,1.2,10.7
2015-09-24,29.7,21.1,0.1,13.0
2015-09-25,29.7,21.5,0.0,14.3
2015-09-26,30.3,19.9,0.0,11.4
2015-09-27,31.0,18.6,0.0,9.4
2015-09-28,31.9,20.6,0.0,9.3
2015-09-29,32.2,20.7,0.0,17.3
2015-09-30,33.0,22.4,0.0,19.5
2015-10-01,32.9,22.2,16.4,14.2
2015-10-02,30.6,22.1,13.7,9.8
2015-10-03,28.7,22.6,13.1,11.4
2015-10-04,28.6,22.7,22.6,7.1
2015-10-05,30.2,21.5,8.9,10.9
2015-10-06,31.1,22.1,0.0,16.7
2015-10-07,31.2,20.8,0.0,15.4
2015-10-08,31.8,22.7,0.0,12.4
2015-10-09,31.7,22.5,0.1,9.0
2015-10-10,30.8,22.4,0.5,10.5
2015-10-11,29.7,22.5,18.3,7.2
2015-10-12,30.0,21.0,4.8,7.6
2015-10-13,31.3,22.0,1.0,9.5
2015-10-14,31.6,21.1,0.0,12.6
2015-10-15,32.7,22.6,0.0,12.7
2015-10-16,32.2,23.0,0.0,13.4
2015-10-17,31.9,20.7,0.0,16.8
2015-10-18,31.9,22.0,0.0,12.8
2015-10-19,32.7,22.2,0.0,10.9
2015-10-20,32.9,22.3,0.0,10.7
2015-10-21,32.6,23.0,0.0,12.7
2015-10-22,33.2,23.1,0.0,9.7
2015-10-23,33.6,22.4,0.0,10.2
2015-10-24,33.4,23.3,0.0,12.7
2015-10-25,32.7,23.2,0.0,10.0
2015-10-26,31.3,22.3,0.0,12.4
2015-10-27,31.6,22.6,0.0,8.0
2015-10-28,32.9,21.5,0.0,13.8
2015-10-29,32.8,21.7,0.0,12.4
2015-10-30,32.8,21.2,0.0,10.4
2015-10-31,32.3,21.5,0.0,13.7
2015-11-01,32.0,21.2,0.0,16.9
2015-11-02,32.2,19.5,0.0,14.9
2015-11-03,32.3,19.3,0.0,13.7
2015-11-04,32.1,20.2,0.0,14.1
2015-11-05,33.0,20.5,0.2,11.4
2015-11-06,32.6,21.4,0.0,12.1
2015-11-07,32.4,23.0,0.0,11.5
2015-11-08,33.0,21.7,0.0,12.3
2015-11-09,32.6,19.7,0.0,14.8
2015-11-10,31.6,19.1,0.0,17.5
2015-11-11,32.6,19.7,0.0,23.1
2015-11-12,33.2,20.3,0.0,20.5
2015-11-13,32.7,18.9,0.0,16.0
2015-11-14,32.4,18.3,0.0,18.5
2015-11-15,32.0,18.8,0.0,14.0
2015-11-16,32.3,19.4,0.0,16.3
2015-11-17,32.2,20.0,0.0,15.5
2015-11-18,31.7,18.0,0.0,22.0
2015-11-19,31.0,18.4,0.0,22.0
2015-11-20,31.3,19.3,0.0,21.3
2015-11-21,29.2,22.2,7.6,17.9
2015-11-22,29.3,22.0,7.3,13.0
2015-11-23,28.4,21.4,21.1,12.1
2015-11-24,28.3,21.4,3.1,9.5
2015-11-25,29.5,20.5,2.5,12.4
2015-11-26,30.0,20.2,0.0,9.4
2015-11-27,30.3,21.5,0.0,8.4
2015-11-28,30.5,20.8,0.0,7.0
2015-11-29,31.0,19.7,0.0,11.8
2015-11-30,30.9,18.7,0.0,9.7
2015-12-01,30.4,19.3,0.0,12.2
2015-12-02,30.5,19.9,0.0,9.4
2015-12-03,30.3,19.7,0.0,12.3
2015-12-04,31.2,19.1,0.0,11.9
2015-12-05,30.6,17.3,0.0,13.4
2015-12-06,31.0,17.3,0.0,18.0
2015-12-07,30.5,16.7,0.0,15.1
2015-12-08,30.3,16.2,0.0,12.0
2015-12-09,30.9,15.9,0.0,11.0
2015-12-10,31.8,17.7,0.0,11.5
2015-12-11,31.3,18.8,0.0,13.1
2015-12-12,31.9,18.4,0.0,11.4
2015-12-13,32.5,19.8,0.0,12.7
2015-12-14,32.4,20.0,0.0,10.6
2015-12-15,31.5,19.4,0.0,10.1
2015-12-16,31.3,21.0,0.0,10.1
2015-12-17,31.9,20.4,0.0,11.8
2015-12-18,31.0,18.5,0.0,13.7
2015-12-19,31.7,18.5,0.0,10.9
2015-12-20,31.0,19.5,0.0,13.2
2015-12-21,30.7,18.8,0.0,16.6
2015-12-22,28.7,16.2,0.0,12.3
2015-12-23,29.7,16.8,0.0,10.1
2015-12-24,28.2,13.8,0.0,13.0
2015-12-25,27.4,13.2,0.0,14.0
2015-12-26,27.0,11.7,0.0,13.5
2015-12-27,28.6,12.2,0.0,14.4
2015-12-28,31.1,15.2,0.0,20.3
2015-12-29,31.9,15.0,0.0,16.6
2015-12-30,32.1,17.1,0.0,10.4
2015-12-31,32.0,15.8,0.0,11.6
2016-01-01,31.8,16.6,0.0,10.7
2016-01-02,31.3,19.4,0.0,10.5
2016-01-03,30.7,18.8,0.0,9.0
2016-01-04,30.4,16.2,0.0,11.4
2016-01-05,30.0,17.9,0.0,10.4
2016-01-06,30.2,18.9,0.0,9.5
2016-01-07,29.6,18.1,0.0,10.1
2016-01-08,29.6,18.6,0.0,8.5
2016-01-09,29.7,18.1,0.0,9.2
2016-01-10,29.9,17.0,0.0,11.6
2016-01-11,30.0,18.3,0.0,14.7
2016-01-12,29.8,18.1,0.0,11.2
2016-01-13,29.5,16.9,0.0,8.7
2016-01-14,29.5,16.6,0.0,14.4
2016-01-15,28.4,14.5,0.0,11.2
2016-01-16,28.0,16.6,0.1,15.0
2016-01-17,27.3,14.3,0.0,12.9
2016-01-18,27.2,14.6,0.0,15.1
2016-01-19,26.9,13.6,0.0,13.4
2016-01-20,27.2,14.2,0.0,10.1
2016-01-21,27.3,12.5,0.0,15.5
2016-01-22,28.4,13.9,0.0,15.4
2016-01-23,29.1,14.2,0.0,15.6
2016-01-24,30.6,16.5,0.0,12.7
2016-01-25,30.6,17.6,0.0,11.9
2016-01-26,31.7,17.2,0.0,14.0
2016-01-27,32.0,16.4,0.0,13.4
2016-01-28,32.8,17.9,0.0,10.5
2016-01-29,33.0,17.8,0.0,10.8
2016-01-30,33.3,19.5,0.0,10.9
2016-01-31,33.7,19.5,0.0,8.6
2016-02-01,33.4,20.1,0.0,12.3
2016-02-02,33.7,18.9,0.0,12.4
2016-02-03,33.2,19.4,0.0,10.7
2016-02-04,32.4,17.8,0.0,10.8
2016-02-05,33.0,16.5,0.0,13.4
2016-02-06,30.4,14.7,0.0,15.7
2016-02-07,29.8,14.7,0.0,12.6
2016-02-08,31.8,16.2,0.0,10.8
2016-02-09,33.0,18.6,0.0,14.4
2016-02-10,31.1,18.4,0.0,15.1
2016-02-11,30.1,17.1,0.0,17.0
2016-02-12,29.1,14.7,0.0,14.5
2016-02-13,30.6,13.9,0.0,12.7
2016-02-14,32.0,17.0,0.0,11.9
2016-02-15,32.5,19.3,0.0,12.6
2016-02-16,34.2,19.7,0.0,11.9
2016-02-17,34.2,20.5,0.0,11.4
2016-02-18,34.6,17.7,0.0,17.1
2016-02-19,34.2,21.0,0.0,16.5
2016-02-20,34.6,21.3,0.0,11.6
2016-02-21,35.2,22.3,0.2,15.1
2016-02-22,35.5,21.8,0.0,13.1
2016-02-23,36.3,21.4,0.0,14.8
2016-02-24,32.8,18.7,0.0,17.3
2016-02-25,33.0,16.6,0.0,12.3
2016-02-26,34.2,18.0,0.0,10.9
2016-02-27,35.2,21.1,0.0,11.2
2016-02-28,35.4,22.4,0.5,11.2
2016-02-29,34.5,23.1,3.2,10.3
2016-03-01,32.8,22.4,3.0,17.1
2016-03-02,32.7,20.5,3.4,10.7
2016-03-03,32.6,20.3,0.9,8.4
2016-03-04,32.0,22.0,1.6,12.8
2016-03-05,32.8,20.6,0.0,10.7
2016-03-06,33.4,20.9,0.0,14.5
2016-03-07,34.2,20.1,0.0,12.3
2016-03-08,35.0,18.4,0.0,13.9
2016-03-09,34.8,20.3,0.0,11.6
2016-03-10,36.0,21.2,0.0,10.5
2016-03-11,36.6,22.5,0.0,11.5
2016-03-12,35.1,20.5,0.0,15.8
2016-03-13,32.3,20.0,0.0,18.4
2016-03-14,32.4,16.2,0.0,12.2
2016-03-15,34.3,18.7,0.0,16.2
2016-03-16,34.0,18.3,0.0,14.3
2016-03-17,35.4,19.2,0.0,13.6
2016-03-18,37.1,20.6,0.0,16.2
2016-03-19,37.9,21.7,0.0,15.1
2016-03-20,37.5,21.9,0.0,18.5
2016-03-21,36.5,22.0,0.0,18.6
2016-03-22,36.7,19.8,0.0,10.6
2016-03-23,38.1,22.0,0.0,15.6
2016-03-24,39.0,20.9,0.0,12.2
2016-03-25,38.0,23.2,0.0,13.8
2016-03-26,37.8,22.7,0.0,13.9
2016-03-27,37.7,22.9,2.0,14.7
2016-03-28,37.4,22.8,0.0,15.2
2016-03-29,37.3,22.7,0.0,17.2
2016-03-30,37.7,21.3,0.0,16.6
2016-03-31,37.7,20.8,0.0,16.9
2016-04-01,38.3,21.0,0.0,15.5
2016-04-02,39.2,21.8,0.0,17.6
2016-04-03,38.9,21.8,0.0,18.2
2016-04-04,38.7,22.9,0.9,10.6
2016-04-05,35.9,24.4,4.0,8.6
2016-04-06,37.0,22.8,3.5,13.3
2016-04-07,36.7,21.2,0.0,13.2
2016-04-08,37.5,21.7,0.0,14.8
2016-04-09,37.8,23.7,0.0,14.2
2016-04-10,38.8,22.2,0.0,17.3
2016-04-11,38.2,23.5,0.0,18.1
2016-04-12,38.9,23.2,0.0,19.0
2016-04-13,38.7,22.2,0.0,17.0
2016-04-14,39.8,21.3,0.0,18.1
2016-04-15,40.5,22.2,0.0,18.8
2016-04-16,39.8,23.0,0.0,19.4
2016-04-17,37.6,21.7,0.0,15.3
2016-04-18,40.1,21.4,0.0,16.7
2016-04-19,39.4,24.4,0.1,14.2
2016-04-20,39.0,25.5,2.0,15.4
2016-04-21,39.4,25.3,0.0,18.2
2016-04-22,34.8,22.7,0.0,21.3
2016-04-23,35.5,20.2,0.0,19.1
2016-04-24,36.1,20.2,0.0,19.1
2016-04-25,38.0,19.5,0.0,16.0
2016-04-26,39.4,19.6,0.0,15.8
2016-04-27,40.7,23.6,0.0,15.3
2016-04-28,39.7,23.8,0.2,17.2
2016-04-29,39.4,22.8,0.0,17.3
2016-04-30,39.5,22.1,0.5,17.0
2016-05-01,39.2,22.0,0.0,18.5
2016-05-02,38.7,22.0,0.0,18.6
2016-05-03,40.1,22.0,0.0,18.5
2016-05-04,38.6,21.2,0.0,18.5
2016-05-05,37.6,22.4,0.5,14.7
2016-05-06,37.2,22.5,0.2,17.8
2016-05-07,37.0,21.3,0.0,18.0
2016-05-08,37.2,22.9,0.9,17.4
2016-05-09,37.6,23.5,4.8,12.6
2016-05-10,37.2,24.4,1.7,14.3
2016-05-11,36.6,23.7,2.5,11.9
2016-05-12,36.7,24.2,0.2,16.4
2016-05-13,37.3,25.1,0.3,14.2
2016-05-14,38.0,25.1,1.8,14.5
2016-05-15,38.4,24.8,2.5,15.3
2016-05-16,40.0,23.6,0.0,17.2
2016-05-17,40.4,23.6,0.0,19.3
2016-05-18,37.3,24.3,1.1,17.0
2016-05-19,35.8,23.9,0.0,19.0
2016-05-20,33.5,24.2,0.0,23.1
2016-05-21,34.8,23.5,0.0,23.4
2016-05-22,35.1,23.2,0.0,21.6
2016-05-23,34.4,23.7,0.0,22.0
2016-05-24,35.0,24.1,0.1,19.1
2016-05-25,34.2,24.0,1.0,21.3
2016-05-26,33.7,24.3,1.0,19.4
2016-05-27,33.3,24.0,0.5,19.2
2016-05-28,34.0,23.8,1.3,17.4
2016-05-29,34.0,23.5,0.3,19.5
2016-05-30,35.0,23.9,0.4,16.0
2016-05-31,34.5,23.7,0.6,16.2
2016-06-01,35.4,24.2,2.0,15.0
2016-06-02,36.4,24.3,0.8,16.3
2016-06-03,36.9,24.4,1.1,14.4
2016-06-04,34.6,24.6,4.0,17.3
2016-06-05,33.6,25.0,0.3,19.2
2016-06-06,30.1,24.6,0.0,15.1
2016-06-07,34.5,24.2,2.0,16.6
2016-06-08,33.8,24.2,2.2,15.9
2016-06-09,34.2,24.5,0.1,17.0
2016-06-10,31.1,24.1,0.4,19.5
2016-06-11,27.6,23.7,1.2,18.7
2016-06-12,30.4,23.7,3.6,21.7
2016-06-13,31.0,23.6,1.6,24.1
2016-06-14,31.3,23.2,2.0,24.3
2016-06-15,30.3,23.2,3.3,24.8
2016-06-16,31.7,23.4,1.8,23.4
2016-06-17,31.4,23.2,0.4,21.6
2016-06-18,29.7,23.5,1.3,20.8
2016-06-19,26.4,22.8,10.2,14.8
2016-06-20,25.3,21.0,25.9,12.2
2016-06-21,28.8,22.2,10.2,12.4
2016-06-22,28.7,22.5,3.0,14.2
2016-06-23,28.6,23.2,4.6,15.0
2016-06-24,28.1,23.0,8.8,16.3
2016-06-25,23.9,22.3,61.7,17.1
2016-06-26,25.7,22.1,9.2,17.2
2016-06-27,27.3,22.8,7.8,16.9
2016-06-28,26.3,22.8,10.2,16.4
2016-06-29,26.1,22.6,15.5,16.9
2016-06-30,24.3,22.5,8.8,16.5
2016-07-01,26.3,22.7,11.9,20.9
2016-07-02,25.3,22.9,26.0,22.1
2016-07-03,26.1,22.9,15.8,18.7
2016-07-04,25.4,22.9,13.1,19.8
2016-07-05,25.2,22.5,8.7,17.3
2016-07-06,25.7,22.6,2.2,22.9
2016-07-07,26.8,22.7,2.3,24.0
2016-07-08,25.8,22.3,4.5,24.3
2016-07-09,23.5,22.2,26.0,25.2
2016-07-10,24.1,22.5,24.7,25.6
2016-07-11,24.4,22.4,19.4,24.4
2016-07-12,24.8,22.1,8.6,20.3
2016-07-13,26.4,22.3,6.4,21.1
2016-07-14,27.2,22.2,3.5,20.8
2016-07-15,27.4,22.3,1.1,20.5
2016-07-16,27.3,22.3,2.3,22.3
2016-07-17,27.4,22.4,3.2,18.5
2016-07-18,26.2,22.1,4.2,17.6
2016-07-19,23.9,22.1,6.2,15.3
2016-07-20,26.3,22.0,12.0,17.1
2016-07-21,24.4,21.7,9.4,14.4
2016-07-22,23.8,21.8,8.3,14.1
2016-07-23,25.6,21.9,7.4,14.9
2016-07-24,26.1,22.0,1.8,14.1
2016-07-25,27.0,21.8,5.4,12.4
2016-07-26,25.9,22.0,1.2,11.0
2016-07-27,25.0,21.9,6.3,11.2
2016-07-28,25.1,21.9,11.2,11.3
2016-07-29,24.3,21.9,8.2,12.7
2016-07-30,24.8,21.9,11.4,12.7
2016-07-31,25.1,21.9,23.0,16.2
2016-08-01,23.8,22.0,36.3,25.6
2016-08-02,22.9,21.6,54.9,25.4
2016-08-03,23.8,22.0,41.4,25.4
2016-08-04,25.6,21.8,13.2,24.9
2016-08-05,25.0,21.8,23.1,25.8
2016-08-06,25.1,22.0,16.6,26.6
2016-08-07,25.4,22.0,12.0,26.6
2016-08-08,25.2,21.6,10.6,24.0
2016-08-09,25.6,21.9,9.6,23.5
2016-08-10,24.4,21.8,9.1,23.5
2016-08-11,25.5,21.9,4.6,20.5
2016-08-12,25.9,21.9,2.6,21.7
2016-08-13,26.2,22.2,1.9,21.7
2016-08-14,26.3,21.5,2.6,23.6
2016-08-15,26.1,21.3,4.3,26.0
2016-08-16,26.3,21.8,2.2,27.8
2016-08-17,26.4,21.9,1.9,25.1
2016-08-18,25.6,21.7,1.4,19.8
2016-08-19,26.9,21.7,1.8,22.0
2016-08-20,25.7,21.3,2.1,20.9
2016-08-21,25.8,21.9,3.8,20.0
2016-08-22,26.4,21.9,2.1,20.1
2016-08-23,26.0,22.2,3.4,16.2
2016-08-24,26.4,22.2,1.6,17.5
2016-08-25,27.5,21.5,0.8,18.8
2016-08-26,27.4,21.7,2.1,14.6
2016-08-27,24.1,21.9,16.9,12.9
2016-08-28,25.6,21.9,3.3,13.3
2016-08-29,26.3,21.9,0.7,14.4
2016-08-30,27.0,21.9,1.6,14.8
2016-08-31,27.0,22.0,0.5,12.4
2016-09-01,24.4,21.6,4.9,12.2
2016-09-02,26.7,21.7,2.0,18.0
2016-09-03,26.4,21.0,1.0,18.1
2016-09-04,26.9,20.6,0.1,19.6
2016-09-05,26.8,20.4,0.0,18.8
2016-09-06,25.9,20.3,1.2,18.4
2016-09-07,26.3,20.5,1.9,16.9
2016-09-08,26.1,20.5,1.1,15.3
2016-09-09,27.9,20.3,1.3,14.3
2016-09-10,27.5,20.6,1.3,15.1
2016-09-11,26.5,21.0,1.0,13.2
2016-09-12,27.4,21.0,0.8,11.7
2016-09-13,26.2,21.4,0.0,8.7
2016-09-14,25.6,22.0,5.2,9.7
2016-09-15,23.9,22.0,16.5,11.5
2016-09-16,26.1,22.0,84.6,8.8
2016-09-17,23.7,21.9,179.1,12.9
2016-09-18,25.3,21.4,33.8,31.2
2016-09-19,26.2,21.5,4.6,20.9
2016-09-20,25.1,21.7,14.9,20.9
2016-09-21,24.5,21.2,28.5,12.7
2016-09-22,25.5,21.4,21.6,12.7
2016-09-23,27.1,22.0,6.0,12.0
2016-09-24,25.5,22.4,3.8,14.3
2016-09-25,26.2,22.3,2.5,15.8
2016-09-26,27.1,21.8,2.5,15.5
2016-09-27,27.7,21.5,2.7,13.2
2016-09-28,28.5,21.0,0.8,13.0
2016-09-29,27.4,21.4,0.8,11.9
2016-09-30,27.7,20.4,0.0,15.1
2016-10-01,22.7,20.9,29.9,13.9
2016-10-02,23.6,20.6,12.0,12.0
2016-10-03,25.3,20.2,5.5,15.8
2016-10-04,25.8,20.4,5.9,21.0
2016-10-05,25.3,20.1,1.7,18.2
2016-10-06,25.8,20.3,0.4,15.6
2016-10-07,28.0,20.9,1.3,11.6
2016-10-08,28.3,21.2,2.1,13.6
2016-10-09,27.5,21.9,1.6,11.8
2016-10-10,28.4,21.6,1.6,9.1
2016-10-11,28.9,21.9,1.3,7.7
2016-10-12,28.5,21.3,0.5,7.2
2016-10-13,28.4,21.0,0.9,8.1
2016-10-14,28.1,20.3,2.9,8.6
2016-10-15,27.1,21.8,0.4,8.4
2016-10-16,29.1,22.2,0.0,6.9
2016-10-17,29.0,21.4,0.0,8.7
2016-10-18,29.4,21.7,0.0,10.2
2016-10-19,29.1,21.1,0.0,9.7
2016-10-20,29.2,20.9,0.0,9.6
2016-10-21,29.2,19.7,0.0,9.4
2016-10-22,29.3,20.2,0.0,10.1
2016-10-23,29.5,20.4,0.0,7.4
2016-10-24,28.8,20.1,0.0,9.6
2016-10-25,28.9,19.1,0.0,7.5
2016-10-26,29.2,19.4,0.0,12.0
2016-10-27,29.0,19.6,0.0,17.1
2016-10-28,29.5,19.4,0.0,15.5
2016-10-29,29.1,18.7,0.0,10.1
2016-10-30,29.9,17.7,0.0,14.2
2016-10-31,29.7,19.2,0.0,18.6
2016-11-01,29.7,18.3,0.0,14.4
2016-11-02,29.3,16.1,0.0,13.3
2016-11-03,29.0,16.4,0.0,13.0
2016-11-04,28.8,18.2,0.0,8.8
2016-11-05,29.2,18.2,0.0,8.9
2016-11-06,29.0,18.4,0.0,10.9
2016-11-07,29.5,18.5,0.0,10.9
2016-11-08,29.4,18.1,0.0,14.2
2016-11-09,29.1,18.5,0.0,13.4
2016-11-10,29.0,18.4,0.0,11.3
2016-11-11,29.2,17.7,0.0,13.0
2016-11-12,28.7,17.3,0.0,12.2
2016-11-13,29.1,16.2,0.0,13.3
2016-11-14,30.2,17.0,0.0,11.2
2016-11-15,30.3,18.9,0.2,12.5
2016-11-16,30.0,19.6,0.0,15.1
2016-11-17,30.2,18.7,0.0,15.1
2016-11-18,28.0,16.0,0.0,13.3
2016-11-19,28.8,16.5,0.0,10.5
2016-11-20,29.0,16.4,0.0,11.5
2016-11-21,29.2,15.8,0.0,10.2
2016-11-22,29.3,15.5,0.0,11.2
2016-11-23,29.3,16.1,0.0,12.6
2016-11-24,29.2,15.3,0.0,15.4
2016-11-25,29.4,14.9,0.0,15.5
2016-11-26,30.0,15.5,0.0,12.6
2016-11-27,30.1,18.4,0.0,10.8
2016-11-28,31.6,18.7,0.0,7.9
2016-11-29,31.3,18.9,0.0,7.2
2016-11-30,30.2,18.3,0.0,8.2
2016-12-01,29.5,18.2,0.0,9.0
2016-12-02,29.6,16.2,0.0,14.6
2016-12-03,30.1,15.9,0.0,16.8
2016-12-04,29.6,20.6,0.0,21.2
2016-12-05,30.1,20.3,0.0,13.0
2016-12-06,28.7,16.9,0.0,12.7
2016-12-07,28.2,15.3,0.0,16.9
2016-12-08,28.7,16.3,0.0,12.0
2016-12-09,28.3,17.1,0.0,7.6
2016-12-10,28.4,16.4,0.0,10.9
2016-12-11,28.6,15.5,0.0,13.2
2016-12-12,29.6,17.0,0.0,15.3
2016-12-13,30.0,14.0,0.0,19.4
2016-12-14,26.3,19.4,0.0,18.5
2016-12-15,28.5,19.3,0.0,18.5
2016-12-16,29.8,19.6,0.0,14.8
2016-12-17,29.7,18.9,0.0,11.3
2016-12-18,29.3,19.1,0.0,8.8
2016-12-19,28.9,16.3,0.0,9.8
2016-12-20,28.5,14.0,0.0,13.0
2016-12-21,29.3,14.4,0.0,9.0
2016-12-22,30.2,16.7,0.0,8.0
2016-12-23,30.8,17.8,0.0,7.7
2016-12-24,31.0,17.6,0.0,7.9
2016-12-25,30.9,18.0,0.0,7.6
2016-12-26,29.5,17.0,0.0,10.8
2016-12-27,28.3,13.6,0.0,10.8
2016-12-28,28.2,12.4,0.0,12.6
2016-12-29,29.0,13.7,0.0,13.0
2016-12-30,29.4,15.9,0.0,10.4
2016-12-31,29.8,17.6,0.0,7.9
2017-01-01,29.2,13.6,0.0,10.5
2017-01-02,28.5,14.8,0.0,7.3
2017-01-03,27.6,15.5,0.0,13.3
2017-01-04,27.9,13.4,0.0,9.2
2017-01-05,28.3,14.5,0.0,10.1
2017-01-06,29.0,12.1,0.0,13.7
2017-01-07,27.5,10.8,0.0,12.3
2017-01-08,28.0,12.0,0.0,10.5
2017-01-09,28.9,12.8,0.0,18.2
2017-01-10,27.0,12.1,0.0,10.3
2017-01-11,27.1,10.5,0.0,11.4
2017-01-12,26.1,11.0,0.0,12.1
2017-01-13,27.0,12.3,0.0,13.9
2017-01-14,29.1,13.7,0.0,15.7
2017-01-15,28.6,15.5,0.0,12.2
2017-01-16,29.0,16.4,0.0,13.6
2017-01-17,28.5,16.2,0.0,13.4
2017-01-18,29.1,15.7,0.0,8.7
2017-01-19,28.1,15.5,0.0,15.6
2017-01-20,27.6,14.8,0.0,16.1
2017-01-21,30.0,14.5,0.0,16.8
2017-01-22,31.0,15.4,0.0,11.4
2017-01-23,31.1,17.9,0.0,10.6
2017-01-24,30.5,16.9,0.0,16.4
2017-01-25,30.0,16.5,0.0,12.7
2017-01-26,30.2,14.8,0.0,12.4
2017-01-27,29.4,16.1,0.0,11.2
2017-01-28,29.9,15.0,0.0,13.7
2017-01-29,30.3,15.0,0.0,11.0
2017-01-30,31.0,16.8,0.0,11.0
2017-01-31,31.0,16.6,0.0,10.4
2017-02-01,31.2,15.5,0.0,10.9
2017-02-02,31.9,15.9,0.0,11.5
2017-02-03,31.4,16.6,0.0,13.0
2017-02-04,31.7,16.8,0.0,14.9
2017-02-05,30.7,15.9,0.0,20.9
2017-02-06,30.0,15.1,0.0,14.5
2017-02-07,31.1,14.3,0.0,14.9
2017-02-08,31.7,17.0,0.0,14.2
2017-02-09,30.7,17.6,0.0,10.8
2017-02-10,31.3,18.5,0.0,14.4
2017-02-11,31.1,17.1,0.0,17.2
2017-02-12,30.6,14.9,0.0,9.8
2017-02-13,31.6,15.5,0.0,15.8
2017-02-14,30.8,17.1,0.0,19.1
2017-02-15,31.1,18.2,0.0,16.9
2017-02-16,31.5,17.4,0.0,21.2
2017-02-17,32.8,16.8,0.0,24.5
2017-02-18,33.2,17.9,0.0,19.7
2017-02-19,32.9,16.1,0.0,14.7
2017-02-20,34.1,18.3,0.0,18.1
2017-02-21,32.9,18.4,0.0,19.4
2017-02-22,33.9,16.1,0.0,17.7
2017-02-23,34.3,17.7,0.0,10.9
2017-02-24,34.1,19.6,0.0,12.8
2017-02-25,33.7,18.7,0.0,11.7
2017-02-26,33.4,17.0,0.0,11.6
2017-02-27,33.7,19.3,0.0,13.0
2017-02-28,33.7,17.7,0.0,12.5
2017-03-01,34.3,19.4,0.0,13.7
2017-03-02,33.8,17.7,0.0,16.6
2017-03-03,34.2,18.8,0.0,17.0
2017-03-04,33.5,18.6,0.0,17.9
2017-03-05,32.3,15.7,0.0,17.1
2017-03-06,33.6,16.7,0.0,18.9
2017-03-07,32.2,16.6,0.0,18.6
2017-03-08,32.0,17.8,0.0,17.2
2017-03-09,31.6,18.3,0.0,18.5
2017-03-10,28.2,16.6,0.0,23.4
2017-03-11,28.0,15.6,0.0,20.5
2017-03-12,30.3,12.8,0.0,12.0
2017-03-13,33.3,13.6,0.0,19.3
2017-03-14,33.4,17.7,0.0,15.5
2017-03-15,34.1,18.4,0.0,18.7
2017-03-16,33.4,19.6,0.0,20.4
2017-03-17,34.1,18.7,0.0,17.1
2017-03-18,34.1,19.6,0.0,18.4
2017-03-19,34.6,20.5,0.0,20.2
2017-03-20,34.3,18.5,0.0,17.0
2017-03-21,35.6,18.0,0.0,16.6
2017-03-22,36.0,18.7,0.0,11.2
2017-03-23,36.9,20.5,0.0,15.9
2017-03-24,37.4,20.8,0.0,17.8
2017-03-25,38.1,22.3,0.0,16.6
2017-03-26,37.9,22.8,0.0,13.9
2017-03-27,39.2,22.8,0.0,11.6
2017-03-28,39.5,21.7,0.0,21.3
2017-03-29,39.2,22.8,0.0,23.0
2017-03-30,38.6,23.5,0.0,25.7
2017-03-31,38.1,22.9,0.0,14.4
2017-04-01,37.4,24.9,0.0,17.9
2017-04-02,36.1,22.9,0.0,21.3
2017-04-03,35.3,21.6,0.0,20.0
2017-04-04,36.0,22.1,0.0,20.5
2017-04-05,36.3,21.0,0.0,21.9
2017-04-06,36.5,20.2,0.0,19.7
2017-04-07,35.6,20.8,0.0,21.4
2017-04-08,37.8,20.1,0.0,17.9
2017-04-09,38.7,21.0,0.0,14.4
2017-04-10,39.4,22.7,0.0,15.6
2017-04-11,39.1,24.0,0.0,14.4
2017-04-12,38.6,21.1,0.0,15.9
2017-04-13,39.4,22.6,0.0,13.8
2017-04-14,39.7,23.0,0.0,25.7
2017-04-15,38.6,21.9,0.1,22.7
2017-04-16,38.5,23.3,0.0,20.8
2017-04-17,37.9,23.1,0.0,24.3
2017-04-18,39.9,23.5,0.0,23.7
2017-04-19,37.2,23.1,0.1,20.2
2017-04-20,37.6,21.8,0.0,24.6
2017-04-21,34.9,21.3,0.0,18.8
2017-04-22,34.7,21.4,0.0,23.4
2017-04-23,35.0,20.3,0.0,22.3
2017-04-24,34.5,20.0,0.0,20.7
2017-04-25,35.4,20.1,0.0,22.5
2017-04-26,36.5,19.8,0.0,19.1
2017-04-27,37.2,20.6,0.0,20.4
2017-04-28,37.6,22.1,0.0,23.6
2017-04-29,36.7,21.9,0.0,21.0
2017-04-30,36.3,19.7,0.0,22.0
2017-05-01,37.8,19.6,0.0,24.5
2017-05-02,39.6,21.2,0.0,28.6
2017-05-03,38.2,22.4,0.3,19.8
2017-05-04,39.7,22.8,0.0,24.1
2017-05-05,38.7,23.6,0.0,19.2
2017-05-06,37.5,24.4,0.3,17.5
2017-05-07,36.4,23.9,3.1,17.1
2017-05-08,37.9,23.8,0.1,22.2
2017-05-09,37.7,22.1,0.1,22.9
2017-05-10,38.0,22.0,0.0,24.9
2017-05-11,38.5,22.6,0.0,25.8
2017-05-12,37.8,23.2,0.3,15.5
2017-05-13,37.6,25.8,0.3,14.5
2017-05-14,37.1,25.7,0.9,22.4
2017-05-15,34.7,23.8,0.6,20.5
2017-05-16,35.7,22.1,0.5,19.7
2017-05-17,35.5,22.9,1.2,23.0
2017-05-18,37.0,22.1,0.0,21.7
2017-05-19,35.2,22.6,0.5,21.8
2017-05-20,36.2,21.4,0.0,20.4
2017-05-21,35.3,21.8,0.0,20.3
2017-05-22,37.1,21.4,0.1,18.2
2017-05-23,38.4,23.0,0.3,21.4
2017-05-24,37.0,23.7,0.0,20.5
2017-05-25,35.8,22.7,1.7,19.9
2017-05-26,34.7,23.2,1.7,21.1
2017-05-27,34.4,23.0,0.0,23.1
2017-05-28,34.6,23.6,0.0,26.0
2017-05-29,33.7,23.9,0.0,28.6
2017-05-30,30.4,24.3,1.7,31.4
2017-05-31,32.0,23.9,1.7,21.3
2017-06-01,35.4,24.4,6.9,19.1
2017-06-02,33.3,23.6,20.2,13.6
2017-06-03,34.2,23.8,11.7,16.9
2017-06-04,31.1,23.4,1.4,18.6
2017-06-05,31.1,23.9,2.1,20.0
2017-06-06,30.9,23.4,1.7,21.1
2017-06-07,29.9,23.1,1.9,23.5
2017-06-08,29.6,22.8,5.5,20.4
2017-06-09,28.9,22.6,0.6,21.9
2017-06-10,28.6,23.0,35.9,21.2
2017-06-11,29.0,22.9,3.9,17.3
2017-06-12,27.7,22.5,29.0,13.6
2017-06-13,28.2,22.7,4.7,19.1
2017-06-14,29.8,23.2,4.2,15.6
2017-06-15,29.4,23.2,6.6,15.0
2017-06-16,30.0,22.6,2.1,17.0
2017-06-17,29.6,23.0,1.9,19.6
2017-06-18,29.1,23.2,0.7,22.3
2017-06-19,28.9,22.9,1.7,23.5
2017-06-20,28.4,23.2,1.0,24.8
2017-06-21,29.1,23.3,0.9,24.5
2017-06-22,29.4,23.4,0.3,26.0
2017-06-23,28.9,23.7,1.4,27.1
2017-06-24,28.2,22.7,3.1,28.9
2017-06-25,28.6,23.3,2.5,28.2
2017-06-26,27.4,23.0,3.5,25.1
2017-06-27,25.6,22.8,6.5,26.8
2017-06-28,26.0,22.6,10.5,29.6
2017-06-29,25.7,22.8,14.0,27.2
2017-06-30,26.9,22.8,5.2,31.4
2017-07-01,26.5,22.6,6.8,32.2
2017-07-02,26.4,22.4,5.7,32.2
2017-07-03,27.0,22.4,3.7,29.7
2017-07-04,26.7,22.7,2.2,30.8
2017-07-05,27.4,22.3,1.9,30.3
2017-07-06,27.5,22.5,1.6,27.6
2017-07-07,27.4,22.4,1.1,23.8
2017-07-08,28.5,22.2,0.6,21.6
2017-07-09,28.3,22.0,0.8,21.0
2017-07-10,28.8,22.3,0.3,22.5
2017-07-11,28.0,22.5,1.7,28.8
2017-07-12,27.9,22.6,1.0,29.9
2017-07-13,26.1,22.2,3.4,29.9
2017-07-14,26.9,22.3,4.8,34.2
2017-07-15,25.7,21.9,5.4,30.5
2017-07-16,26.1,21.6,8.0,31.4
2017-07-17,25.0,22.3,16.4,28.2
2017-07-18,24.1,22.3,12.7,22.9
2017-07-19,25.3,22.0,9.8,23.2
2017-07-20,24.2,22.6,23.6,27.7
2017-07-21,26.7,22.7,6.9,34.0
2017-07-22,25.7,22.4,4.6,34.4
2017-07-23,24.2,22.3,10.9,27.1
2017-07-24,25.1,22.4,4.0,30.7
2017-07-25,25.9,22.3,3.1,31.5
2017-07-26,25.4,22.5,1.5,28.3
2017-07-27,25.1,22.3,3.5,27.7
2017-07-28,25.1,21.8,4.6,27.0
2017-07-29,27.1,22.2,1.1,27.1
2017-07-30,26.9,21.9,0.8,24.6
2017-07-31,26.5,22.2,1.4,24.4
2017-08-01,26.9,22.5,0.6,22.7
2017-08-02,27.1,22.4,1.0,25.4
2017-08-03,26.8,22.4,1.1,28.1
2017-08-04,27.6,22.5,0.2,31.0
2017-08-05,27.3,22.2,1.3,25.3
2017-08-06,27.3,22.2,0.6,20.7
2017-08-07,27.0,22.0,0.8,19.8
2017-08-08,27.1,22.5,1.3,21.7
2017-08-09,26.8,22.4,1.9,20.0
2017-08-10,26.8,21.9,1.7,21.1
2017-08-11,27.1,22.3,0.6,22.7
2017-08-12,26.4,22.2,0.6,25.2
2017-08-13,27.2,22.0,0.8,22.7
2017-08-14,27.2,21.8,0.8,20.7
2017-08-15,26.8,22.2,0.8,19.7
2017-08-16,27.4,21.6,0.8,21.6
2017-08-17,27.4,21.6,2.5,21.9
2017-08-18,25.8,21.8,2.0,20.4
2017-08-19,23.4,21.5,19.6,19.5
2017-08-20,22.5,21.1,85.4,28.8
2017-08-21,26.7,21.4,5.0,26.2
2017-08-22,27.0,21.8,0.6,22.4
2017-08-23,27.4,22.2,1.6,20.9
2017-08-24,27.0,22.2,0.9,22.3
2017-08-25,25.6,22.7,13.2,22.7
2017-08-26,26.4,22.0,3.3,24.4
2017-08-27,27.0,22.1,3.7,24.6
2017-08-28,23.6,22.1,23.2,18.5
2017-08-29,24.5,21.6,6.3,26.7
2017-08-30,26.9,21.7,8.6,29.0
2017-08-31,27.1,22.0,0.4,23.6
2017-09-01,27.4,21.5,0.6,18.4
2017-09-02,27.2,21.8,1.1,19.9
2017-09-03,25.7,22.0,1.7,18.8
2017-09-04,28.9,21.4,0.0,16.5
2017-09-05,28.9,20.7,0.0,19.3
2017-09-06,29.3,20.9,0.0,17.1
2017-09-07,29.5,21.7,5.1,12.5
2017-09-08,29.5,22.2,15.5,13.6
2017-09-09,29.6,21.7,6.3,13.3
2017-09-10,30.2,22.3,4.1,12.1
2017-09-11,30.7,21.8,2.3,14.0
2017-09-12,30.8,22.4,1.9,11.3
2017-09-13,29.4,21.7,9.4,11.6
2017-09-14,28.2,22.4,8.5,15.9
2017-09-15,27.6,22.6,4.0,12.6
2017-09-16,28.0,21.9,3.4,15.7
2017-09-17,28.1,21.3,1.1,20.8
2017-09-18,26.8,22.2,5.8,24.9
2017-09-19,25.7,21.7,114.3,32.7
2017-09-20,23.3,20.5,59.3,21.7
2017-09-21,25.1,20.3,6.6,16.8
2017-09-22,25.7,21.3,0.0,16.3
2017-09-23,27.4,20.7,0.8,13.6
2017-09-24,28.8,20.9,4.0,13.9
2017-09-25,28.2,21.3,2.8,15.9
2017-09-26,29.3,22.0,0.4,12.6
2017-09-27,29.6,22.1,4.8,13.0
2017-09-28,29.5,21.9,1.1,12.2
2017-09-29,28.9,22.0,4.4,11.5
2017-09-30,30.1,21.5,2.8,12.6
2017-10-01,30.5,21.4,0.7,10.2
2017-10-02,30.5,22.0,0.2,15.3
2017-10-03,29.4,21.8,0.1,14.6
2017-10-04,31.0,21.3,0.0,11.6
2017-10-05,30.6,20.7,0.0,12.5
2017-10-06,29.5,22.3,5.2,15.0
2017-10-07,29.5,21.7,18.3,14.6
2017-10-08,27.6,21.8,6.1,10.4
2017-10-09,26.9,22.2,13.8,10.6
2017-10-10,27.4,21.7,10.2,11.9
2017-10-11,27.8,21.5,8.8,11.6
2017-10-12,28.9,20.6,2.8,11.7
2017-10-13,29.3,21.8,12.6,8.9
2017-10-14,28.3,21.7,11.9,10.8
2017-10-15,27.9,21.4,8.0,13.6
2017-10-16,29.5,21.8,1.3,10.6
2017-10-17,29.6,21.2,0.4,12.6
2017-10-18,31.0,19.7,0.0,10.8
2017-10-19,30.3,19.2,0.0,7.3
2017-10-20,29.6,17.5,0.0,10.7
2017-10-21,28.2,20.4,0.5,11.4
2017-10-22,28.3,21.0,1.3,11.9
2017-10-23,29.8,21.2,0.0,10.3
2017-10-24,29.6,19.2,0.0,7.8
2017-10-25,29.2,17.1,0.0,9.5
2017-10-26,29.8,18.9,0.0,11.2
2017-10-27,28.1,19.6,0.2,8.1
2017-10-28,27.9,18.8,0.0,8.8
2017-10-29,29.6,17.5,0.0,9.2
2017-10-30,29.3,17.7,0.0,14.4
2017-10-31,29.0,18.1,0.0,13.6
2017-11-01,29.3,16.7,0.0,13.4
2017-11-02,28.9,16.8,0.0,13.7
2017-11-03,28.7,16.3,0.0,20.0
2017-11-04,28.3,14.9,0.0,23.4
2017-11-05,29.5,15.7,0.0,14.0
2017-11-06,29.9,17.5,0.0,16.6
2017-11-07,29.6,18.8,0.0,10.1
2017-11-08,29.3,15.7,0.0,9.8
2017-11-09,29.1,15.3,0.0,9.7
2017-11-10,29.0,16.5,0.0,11.2
2017-11-11,29.0,17.0,0.0,16.2
2017-11-12,28.0,14.5,0.0,10.8
2017-11-13,28.1,13.9,0.0,13.2
2017-11-14,28.2,13.4,0.0,8.5
2017-11-15,28.5,15.4,0.0,9.2
2017-11-16,28.3,16.0,0.0,10.5
2017-11-17,29.1,15.5,0.0,10.8
2017-11-18,28.7,15.4,0.0,10.7
2017-11-19,29.2,18.3,0.0,7.9
2017-11-20,27.8,20.8,0.0,12.8
2017-11-21,28.8,20.3,1.1,10.5
2017-11-22,29.4,19.7,0.6,10.6
2017-11-23,30.4,17.9,0.0,11.9
2017-11-24,30.4,16.0,0.0,11.6
2017-11-25,29.9,15.3,0.0,9.4
2017-11-26,29.6,17.9,0.0,11.2
2017-11-27,29.2,16.8,0.0,10.5
2017-11-28,29.2,15.2,0.0,9.3
2017-11-29,28.8,14.7,0.0,8.3
2017-11-30,28.5,15.8,0.0,14.0
2017-12-01,28.5,14.7,0.0,18.1
2017-12-02,29.2,16.0,0.0,18.8
2017-12-03,28.9,18.1,0.0,16.3
2017-12-04,27.1,19.9,0.9,14.5
2017-12-05,28.3,20.9,5.3,30.1
2017-12-06,26.7,19.3,0.4,16.9
2017-12-07,27.6,18.5,0.0,15.5
2017-12-08,29.5,18.1,0.3,12.4
2017-12-09,29.6,18.6,0.0,12.5
2017-12-10,29.4,17.6,0.0,11.9
2017-12-11,29.3,16.9,0.0,15.5
2017-12-12,28.1,15.2,0.0,14.8
2017-12-13,28.2,14.4,0.0,15.8
2017-12-14,28.4,14.1,0.0,10.8
2017-12-15,29.0,15.1,0.0,12.0
2017-12-16,29.3,17.1,0.0,13.4
2017-12-17,28.5,16.6,0.0,21.5
2017-12-18,27.8,17.0,0.0,14.5
2017-12-19,28.2,14.2,0.0,20.5
2017-12-20,27.7,14.5,0.0,13.8
2017-12-21,28.2,14.1,0.0,18.0
2017-12-22,29.0,15.8,0.0,19.5
2017-12-23,29.1,14.0,0.0,14.9
2017-12-24,29.4,13.4,0.0,10.3
2017-12-25,29.0,14.3,0.0,11.2
2017-12-26,28.4,15.5,0.0,10.1
2017-12-27,28.3,15.3,0.0,10.5
2017-12-28,28.2,13.0,0.0,12.9
2017-12-29,28.6,13.1,0.0,10.8
2017-12-30,28.1,13.3,0.0,10.5
2017-12-31,27.8,12.3,0.0,10.9
2018-01-01,27.9,14.4,0.0,10.8
2018-01-02,28.1,12.5,0.0,10.6
2018-01-03,28.5,15.3,0.0,14.3
2018-01-04,28.0,14.9,0.0,11.7
2018-01-05,28.1,13.6,0.0,10.8
2018-01-06,27.0,14.3,0.0,12.8
2018-01-07,26.7,13.4,0.0,13.3
2018-01-08,27.8,14.1,0.0,11.0
2018-01-09,27.4,13.9,0.0,17.5
2018-01-10,28.6,14.2,0.0,15.2
2018-01-11,30.5,16.0,0.0,9.7
2018-01-12,30.4,18.2,0.0,13.6
2018-01-13,29.6,18.2,0.1,11.3
2018-01-14,31.2,18.5,0.0,8.2
2018-01-15,30.2,18.3,0.0,8.8
2018-01-16,29.8,19.5,0.0,6.8
2018-01-17,30.2,16.0,0.0,11.1
2018-01-18,29.5,16.7,0.0,8.8
2018-01-19,29.3,16.4,0.0,9.7
2018-01-20,29.1,16.5,0.0,8.9
2018-01-21,29.2,14.8,0.0,7.3
2018-01-22,29.1,14.6,0.0,14.3
2018-01-23,29.0,15.4,0.0,16.9
2018-01-24,27.6,13.6,0.0,9.4
2018-01-25,28.2,13.9,0.0,11.4
2018-01-26,28.6,14.4,0.0,11.3
2018-01-27,29.0,13.8,0.0,9.8
2018-01-28,29.0,14.3,0.0,10.0
2018-01-29,29.9,13.6,0.0,9.7
2018-01-30,29.6,14.7,0.0,14.4
2018-01-31,30.0,15.4,0.0,12.4
2018-02-01,30.0,12.1,0.0,11.2
2018-02-02,30.5,13.2,0.0,11.2
2018-02-03,31.0,15.2,0.0,10.2
2018-02-04,31.4,14.1,0.0,11.3
2018-02-05,31.0,13.6,0.0,13.1
2018-02-06,30.4,16.0,0.0,13.0
2018-02-07,29.1,18.2,0.0,19.4
2018-02-08,30.0,15.3,0.0,19.4
2018-02-09,29.1,14.7,0.0,20.9
2018-02-10,28.9,16.5,0.0,13.7
2018-02-11,30.2,16.4,0.7,19.9
2018-02-12,29.4,15.1,0.0,18.1
2018-02-13,30.4,13.2,0.0,15.0
2018-02-14,30.2,15.6,0.0,17.0
2018-02-15,30.8,18.3,0.0,14.8
2018-02-16,31.1,18.8,0.0,14.0
2018-02-17,31.6,19.4,0.0,10.5
2018-02-18,32.4,18.7,0.0,11.2
2018-02-19,32.5,18.1,0.0,12.8
2018-02-20,32.5,17.4,0.0,10.5
2018-02-21,32.3,18.3,0.0,11.4
2018-02-22,33.3,17.1,0.0,12.8
2018-02-23,33.5,19.4,0.0,16.2
2018-02-24,33.2,19.9,0.0,13.5
2018-02-25,33.1,19.0,0.0,14.5
2018-02-26,33.8,19.9,0.0,13.4
2018-02-27,33.8,18.4,0.0,13.7
2018-02-28,34.4,19.6,0.0,10.9
2018-03-01,34.7,19.1,0.0,14.4
2018-03-02,35.1,19.7,0.0,16.7
2018-03-03,34.0,21.0,0.0,18.1
2018-03-04,34.3,19.6,0.0,23.7
2018-03-05,33.4,20.0,0.0,13.9
2018-03-06,34.2,19.6,0.0,13.8
2018-03-07,33.8,21.0,0.0,16.7
2018-03-08,33.9,19.8,0.0,17.2
2018-03-09,34.6,20.1,0.0,15.0
2018-03-10,34.1,20.6,0.0,17.0
2018-03-11,34.8,21.9,0.0,14.6
2018-03-12,35.6,22.0,0.0,14.3
2018-03-13,35.4,22.8,0.0,18.7
2018-03-14,34.9,21.3,0.0,16.0
2018-03-15,28.4,23.4,0.0,8.5
2018-03-16,30.7,22.1,1.8,13.3
2018-03-17,31.3,20.4,0.0,15.6
2018-03-18,31.9,21.7,0.0,16.0
2018-03-19,33.8,21.2,0.1,18.1
2018-03-20,34.0,19.8,0.0,17.6
2018-03-21,33.6,18.9,0.0,21.6
2018-03-22,32.2,17.4,0.0,16.1
2018-03-23,33.2,16.4,0.0,15.0
2018-03-24,35.5,17.2,0.0,14.9
2018-03-25,36.7,20.6,0.0,17.4
2018-03-26,37.4,20.9,0.0,14.8
2018-03-27,37.5,20.4,0.0,23.3
2018-03-28,35.7,22.2,0.0,17.6
2018-03-29,36.6,20.2,0.0,17.4
2018-03-30,37.0,20.7,0.0,21.1
2018-03-31,35.7,21.1,0.0,20.9
2018-04-01,37.2,20.3,0.0,22.5
2018-04-02,37.3,22.3,0.0,20.5
2018-04-03,38.5,22.2,0.0,24.0
2018-04-04,37.8,23.1,0.0,24.6
2018-04-05,37.6,22.7,0.0,21.2
2018-04-06,36.3,22.3,0.0,18.4
2018-04-07,34.9,22.1,2.0,16.9
2018-04-08,35.0,21.1,1.6,14.3
2018-04-09,35.9,20.6,0.0,19.8
2018-04-10,36.0,21.5,0.0,24.5
2018-04-11,35.0,20.5,0.0,16.2
2018-04-12,36.0,20.8,0.0,22.1
2018-04-13,36.6,20.9,0.0,20.8
2018-04-14,36.9,21.3,0.0,21.7
2018-04-15,36.9,22.1,0.1,19.8
2018-04-16,37.8,22.0,0.0,16.5
2018-04-17,37.4,23.9,3.2,13.3
2018-04-18,36.6,24.0,2.4,22.4
2018-04-19,38.3,24.2,0.0,22.8
2018-04-20,35.5,22.9,0.0,21.3
2018-04-21,36.5,21.9,0.0,17.9
2018-04-22,37.3,22.9,0.0,18.7
2018-04-23,37.8,21.1,0.0,19.9
2018-04-24,38.6,20.9,0.0,21.9
2018-04-25,37.7,20.8,0.0,20.5
2018-04-26,37.3,20.9,0.0,23.1
2018-04-27,39.7,20.3,0.0,20.9
2018-04-28,39.9,22.7,0.0,21.3
2018-04-29,38.0,22.1,0.0,23.0
2018-04-30,37.8,22.7,0.0,24.9
2018-05-01,38.4,21.4,0.0,22.0
2018-05-02,37.8,22.0,0.0,26.8
2018-05-03,38.3,21.7,0.0,24.2
2018-05-04,38.4,22.6,0.0,22.8
2018-05-05,38.0,22.5,0.0,22.0
2018-05-06,38.9,23.5,0.0,26.1
2018-05-07,37.1,23.6,0.0,20.1
2018-05-08,37.6,22.4,0.0,19.1
2018-05-09,39.4,22.7,0.0,19.3
2018-05-10,39.6,25.4,0.0,17.3
2018-05-11,37.5,24.3,0.9,21.8
2018-05-12,36.5,23.4,0.7,18.3
2018-05-13,38.5,22.9,0.1,18.4
2018-05-14,36.4,23.9,0.6,21.3
2018-05-15,35.8,22.3,0.1,20.4
2018-05-16,36.9,23.5,0.6,24.4
2018-05-17,38.9,23.5,0.0,19.7
2018-05-18,34.3,24.3,2.9,19.5
2018-05-19,36.3,23.0,0.9,21.6
2018-05-20,35.5,22.5,0.0,24.1
2018-05-21,36.3,22.6,0.4,23.4
2018-05-22,33.8,22.6,0.0,19.9
2018-05-23,35.0,23.1,0.0,21.6
2018-05-24,32.8,23.6,1.9,21.8
2018-05-25,35.5,23.9,0.0,19.2
2018-05-26,36.4,23.2,2.2,17.2
2018-05-27,36.6,24.7,2.1,18.8
2018-05-28,35.3,24.4,1.4,19.7
2018-05-29,32.6,24.9,0.0,24.2
2018-05-30,34.3,23.9,0.0,20.6
2018-05-31,35.9,23.9,1.3,21.2
2018-06-01,34.2,24.3,5.8,16.9
2018-06-02,32.1,23.4,9.9,16.2
2018-06-03,30.3,23.3,1.3,18.1
2018-06-04,32.6,23.6,2.7,16.0
2018-06-05,32.0,23.1,3.3,14.1
2018-06-06,28.5,24.1,4.6,18.5
2018-06-07,29.3,23.3,7.2,21.5
2018-06-08,29.4,23.5,5.3,20.5
2018-06-09,28.1,22.6,10.4,26.6
2018-06-10,27.8,23.1,2.9,30.3
2018-06-11,28.3,24.1,2.2,32.6
2018-06-12,29.4,23.7,0.1,30.6
2018-06-13,29.8,23.8,0.0,26.8
2018-06-14,29.4,23.8,0.2,26.9
2018-06-15,29.3,23.2,0.3,25.0
2018-06-16,28.7,23.0,0.5,25.1
2018-06-17,27.1,22.9,2.2,28.8
2018-06-18,27.3,22.1,25.1,23.2
2018-06-19,29.7,22.0,3.8,13.8
2018-06-20,30.5,22.8,3.5,17.9
2018-06-21,29.7,23.0,13.4,20.3
2018-06-22,25.9,22.7,12.1,17.6
2018-06-23,27.1,22.3,5.7,21.0
2018-06-24,27.0,22.0,5.9,24.0
2018-06-25,25.1,22.8,6.8,25.1
2018-06-26,26.0,22.2,6.3,30.2
2018-06-27,27.6,22.7,0.7,27.9
2018-06-28,27.1,22.7,4.0,24.2
2018-06-29,27.2,22.4,5.7,21.8
2018-06-30,27.6,22.1,0.4,22.0
2018-07-01,28.6,21.7,1.1,19.6
2018-07-02,27.1,22.9,4.3,23.2
2018-07-03,26.2,22.7,5.1,27.0
2018-07-04,25.5,22.6,17.7,28.3
2018-07-05,26.1,22.0,9.1,29.9
2018-07-06,26.1,22.5,1.5,25.2
2018-07-07,24.3,22.1,17.6,23.8
2018-07-08,24.2,21.4,22.2,20.2
2018-07-09,25.3,21.9,17.9,23.1
2018-07-10,25.1,22.1,14.1,24.3
2018-07-11,25.0,22.4,11.9,28.8
2018-07-12,23.4,22.1,22.1,24.4
2018-07-13,25.3,22.2,10.0,25.5
2018-07-14,25.8,22.4,3.7,29.0
2018-07-15,25.2,22.5,12.2,26.9
2018-07-16,24.6,22.4,20.5,26.8
2018-07-17,24.6,22.4,14.3,28.2
2018-07-18,26.3,22.0,4.7,29.5
2018-07-19,26.5,22.2,2.7,28.2
2018-07-20,25.8,22.3,5.2,27.4
2018-07-21,26.4,22.4,3.4,29.6
2018-07-22,25.5,22.4,6.2,28.7
2018-07-23,25.2,22.2,0.7,30.3
2018-07-24,25.2,22.6,1.2,28.2
2018-07-25,26.2,21.9,0.2,27.1
2018-07-26,24.6,22.4,0.2,29.6
2018-07-27,26.2,22.5,1.2,28.9
2018-07-28,26.9,22.5,1.4,27.3
2018-07-29,27.3,22.1,0.4,27.1
2018-07-30,27.2,22.5,0.4,25.4
2018-07-31,26.9,22.4,0.3,28.9
2018-08-01,27.1,22.6,0.9,30.6
2018-08-02,27.1,22.4,0.8,30.8
2018-08-03,26.0,22.1,1.1,31.0
2018-08-04,25.9,21.7,5.1,31.6
2018-08-05,26.1,21.6,2.2,31.3
2018-08-06,26.3,22.1,1.0,31.9
2018-08-07,25.5,21.7,0.8,28.7
2018-08-08,26.2,22.2,1.5,29.4
2018-08-09,25.3,22.0,1.6,26.3
2018-08-10,25.8,22.2,1.1,28.1
2018-08-11,25.5,22.0,6.1,31.0
2018-08-12,26.2,21.8,4.8,34.4
2018-08-13,25.8,22.1,3.3,33.3
2018-08-14,26.3,22.3,0.9,29.9
2018-08-15,26.5,22.5,1.7,27.1
2018-08-16,24.4,21.8,23.5,26.3
2018-08-17,25.0,21.9,20.9,34.6
2018-08-18,25.6,22.0,3.6,30.0
2018-08-19,25.3,21.8,2.8,28.5
2018-08-20,24.4,21.5,9.9,23.9
2018-08-21,23.1,21.4,18.4,21.8
2018-08-22,24.9,21.5,6.7,28.3
2018-08-23,26.4,21.4,3.1,25.6
2018-08-24,26.2,21.2,2.6,25.5
2018-08-25,25.6,21.3,3.7,25.7
2018-08-26,25.3,21.6,6.8,28.1
2018-08-27,24.0,21.4,5.0,20.9
2018-08-28,23.9,21.0,4.8,22.1
2018-08-29,26.2,20.8,2.2,23.4
2018-08-30,26.4,21.4,2.3,25.3
2018-08-31,25.9,21.0,1.4,23.8
2018-09-01,25.3,21.1,2.6,23.8
2018-09-02,26.1,21.6,7.1,24.2
2018-09-03,25.8,20.9,2.7,23.4
2018-09-04,25.9,20.6,2.4,23.5
2018-09-05,25.7,20.7,0.0,23.9
2018-09-06,26.2,20.4,0.3,22.9
2018-09-07,25.6,20.1,1.0,22.3
2018-09-08,26.1,19.6,0.7,21.9
2018-09-09,26.7,18.9,0.1,15.5
2018-09-10,27.1,19.2,0.7,16.5
2018-09-11,28.4,18.9,0.1,17.5
2018-09-12,28.1,18.8,0.0,18.8
2018-09-13,27.5,18.2,0.2,15.9
2018-09-14,27.0,19.0,1.3,16.5
2018-09-15,27.7,20.2,2.2,18.1
2018-09-16,28.7,20.8,1.4,14.5
2018-09-17,27.9,20.4,0.9,17.4
2018-09-18,27.8,19.6,1.5,16.4
2018-09-19,25.5,20.6,3.7,12.8
2018-09-20,28.2,20.8,3.6,15.5
2018-09-21,28.9,21.8,0.8,15.5
2018-09-22,27.0,21.8,1.2,22.3
2018-09-23,29.0,21.1,3.1,16.7
2018-09-24,28.9,21.2,6.3,14.1
2018-09-25,30.4,21.0,0.8,15.0
2018-09-26,30.5,21.3,1.1,9.7
2018-09-27,31.1,21.7,0.3,12.0
2018-09-28,29.8,22.2,4.8,9.5
2018-09-29,31.1,21.8,8.6,12.2
2018-09-30,30.6,22.0,12.1,11.2
2018-10-01,31.6,21.7,3.9,13.2
2018-10-02,30.9,21.5,3.1,10.0
2018-10-03,31.3,22.2,9.2,10.4
2018-10-04,28.5,21.7,1.2,9.3
2018-10-05,29.1,21.6,1.2,16.7
2018-10-06,31.2,21.0,0.0,18.6
2018-10-07,32.6,20.9,0.0,17.5
2018-10-08,32.5,21.3,0.1,14.4
2018-10-09,31.7,21.6,0.1,13.7
2018-10-10,31.8,21.0,0.0,19.7
2018-10-11,32.6,21.5,0.0,17.3
2018-10-12,33.1,20.8,0.0,11.9
2018-10-13,32.6,20.7,0.0,15.8
2018-10-14,32.1,19.6,0.0,12.0
2018-10-15,33.3,21.0,0.0,16.3
2018-10-16,32.9,18.9,0.0,16.2
2018-10-17,29.6,20.8,0.0,14.8
2018-10-18,29.6,21.2,0.1,13.0
2018-10-19,32.0,21.1,0.8,14.0
2018-10-20,33.2,20.9,0.1,9.4
2018-10-21,32.9,20.6,0.0,14.1
2018-10-22,32.0,21.9,0.1,7.4
2018-10-23,33.2,21.7,0.0,12.8
2018-10-24,32.8,19.8,0.0,12.0
2018-10-25,31.0,21.6,0.0,17.0
2018-10-26,32.2,20.8,0.0,17.1
2018-10-27,32.4,19.2,0.0,16.6
2018-10-28,32.2,20.4,0.0,17.6
2018-10-29,31.3,18.9,0.0,14.1
2018-10-30,30.5,17.4,0.0,14.1
2018-10-31,31.3,18.1,0.0,21.6
2018-11-01,31.4,18.5,0.0,17.7
2018-11-02,30.7,19.6,0.0,13.7
2018-11-03,31.1,21.0,1.7,16.3
2018-11-04,31.2,21.6,1.6,11.8
2018-11-05,29.5,20.8,12.7,11.8
2018-11-06,29.6,21.5,1.2,10.0
2018-11-07,30.5,20.3,0.0,6.8
2018-11-08,31.0,19.5,0.0,9.9
2018-11-09,31.2,20.2,0.0,7.5
2018-11-10,30.9,19.4,0.0,7.2
2018-11-11,31.1,18.2,0.0,9.4
2018-11-12,30.1,16.4,0.0,9.0
2018-11-13,30.2,16.3,0.0,9.4
2018-11-14,30.6,17.3,0.0,8.4
2018-11-15,31.1,16.4,0.0,15.1
2018-11-16,31.4,15.6,0.0,14.7
2018-11-17,31.8,17.5,0.0,10.0
2018-11-18,31.8,17.8,0.1,10.2
2018-11-19,31.3,20.1,2.6,13.2
2018-11-20,27.9,20.2,4.7,8.6
2018-11-21,29.6,19.6,0.3,10.6
2018-11-22,30.3,19.3,0.0,16.1
2018-11-23,30.5,18.7,0.0,22.4
2018-11-24,30.6,16.5,0.0,14.0
2018-11-25,30.3,17.6,0.0,8.0
2018-11-26,30.4,17.3,0.0,10.4
2018-11-27,30.0,15.0,0.0,15.7
2018-11-28,29.2,14.9,0.0,14.0
2018-11-29,29.4,14.0,0.0,12.6
2018-11-30,29.4,14.0,0.0,12.6
2018-12-01,27.8,13.3,0.0,11.9
2018-12-02,28.5,15.4,0.0,9.8
2018-12-03,29.3,15.5,0.0,9.8
2018-12-04,28.4,16.7,0.0,16.3
2018-12-05,29.6,18.3,0.0,12.8
2018-12-06,29.6,17.6,0.0,11.4
2018-12-07,30.5,18.5,0.0,10.2
2018-12-08,30.8,17.8,0.0,13.1
2018-12-09,30.8,17.5,0.0,15.5
2018-12-10,29.1,15.8,0.0,13.5
2018-12-11,28.0,13.1,0.0,9.5
2018-12-12,27.4,13.3,0.0,10.8
2018-12-13,27.9,15.0,0.0,9.8
2018-12-14,27.5,14.9,0.0,15.0
2018-12-15,26.7,17.5,0.0,22.4
2018-12-16,27.4,15.8,0.0,16.6
2018-12-17,25.8,13.1,0.0,10.0
2018-12-18,26.8,14.7,0.0,12.8
2018-12-19,26.6,12.3,0.0,16.2
2018-12-20,26.3,12.2,0.0,13.5
2018-12-21,27.9,12.5,0.0,8.0
2018-12-22,28.9,12.9,0.0,9.0
2018-12-23,29.8,17.0,0.0,10.9
2018-12-24,30.0,16.6,0.0,11.3
2018-12-25,30.6,17.5,0.0,14.7
2018-12-26,29.6,16.9,0.0,18.9
2018-12-27,26.3,12.7,0.0,10.7
2018-12-28,25.7,10.1,0.0,13.8
2018-12-29,26.1,9.9,0.0,10.9
2018-12-30,26.6,9.4,0.0,11.9
2018-12-31,27.0,11.9,0.0,12.6
2019-01-01,28.7,12.0,0.0,11.1
2019-01-02,29.6,13.8,0.0,10.6
2019-01-03,30.1,12.2,0.0,11.6
2019-01-04,30.6,13.5,0.0,11.5
2019-01-05,30.2,14.3,0.0,9.7
2019-01-06,29.1,12.5,0.0,10.6
2019-01-07,28.1,12.9,0.0,13.1
2019-01-08,28.6,13.0,0.0,10.0
2019-01-09,29.3,12.3,0.0,10.1
2019-01-10,29.8,13.2,0.0,10.9
2019-01-11,30.4,12.4,0.0,8.8
2019-01-12,30.7,15.1,0.0,14.4
2019-01-13,29.6,13.2,0.0,9.2
2019-01-14,29.1,14.2,0.0,10.5
2019-01-15,29.2,14.3,0.0,11.9
2019-01-16,29.7,16.5,0.0,8.4
2019-01-17,30.6,14.8,0.0,8.1
2019-01-18,30.6,16.3,0.0,10.7
2019-01-19,30.5,15.6,0.0,11.0
2019-01-20,30.6,15.7,0.0,12.4
2019-01-21,30.5,15.0,0.0,15.4
2019-01-22,28.2,15.0,0.0,17.1
2019-01-23,26.6,13.6,0.0,12.9
2019-01-24,28.8,13.3,0.0,18.9
2019-01-25,26.5,11.2,0.0,10.2
2019-01-26,26.4,11.9,0.0,14.7
2019-01-27,25.9,14.1,0.0,16.1
2019-01-28,25.6,12.7,0.0,14.1
2019-01-29,26.4,11.1,0.0,13.0
2019-01-30,28.7,13.3,0.0,11.5
2019-01-31,28.9,13.4,0.0,9.6
2019-02-01,29.2,14.8,0.0,12.0
2019-02-02,30.0,15.1,0.0,12.0
2019-02-03,29.4,16.2,0.0,11.8
2019-02-04,30.8,16.2,0.0,17.8
2019-02-05,30.7,15.3,0.0,12.0
2019-02-06,30.7,16.7,0.0,19.0
2019-02-07,26.6,14.5,0.0,19.6
2019-02-08,25.6,12.0,0.0,17.9
2019-02-09,27.1,9.0,0.0,12.7
2019-02-10,29.9,12.5,0.0,10.8
2019-02-11,31.0,12.5,0.0,11.2
2019-02-12,31.7,18.9,0.0,11.6
2019-02-13,32.7,19.7,0.0,12.3
2019-02-14,32.4,17.0,0.0,16.9
2019-02-15,30.9,17.4,0.0,18.8
2019-02-16,29.4,14.0,0.0,11.4
2019-02-17,30.3,14.6,0.0,14.4
2019-02-18,32.5,15.6,0.0,14.6
2019-02-19,34.3,15.9,0.0,13.8
2019-02-20,35.2,18.7,0.0,13.8
2019-02-21,34.8,20.2,0.0,10.5
2019-02-22,33.7,21.1,0.0,13.8
2019-02-23,34.4,20.7,0.0,13.8
2019-02-24,34.7,19.5,0.0,21.6
2019-02-25,33.2,17.9,0.0,16.8
2019-02-26,29.5,18.1,0.0,18.4
2019-02-27,29.0,15.8,0.0,20.9
2019-02-28,29.3,13.1,0.0,9.2
2019-03-01,31.4,14.1,0.0,9.9
2019-03-02,34.4,17.2,0.0,21.5
2019-03-03,32.5,17.1,0.0,17.3
2019-03-04,31.6,17.4,0.0,20.7
2019-03-05,31.0,16.7,0.0,19.0
2019-03-06,30.2,15.7,0.0,16.9
2019-03-07,32.4,14.0,0.0,13.9
2019-03-08,34.4,15.9,0.0,16.0
2019-03-09,34.6,18.8,0.0,18.8
2019-03-10,34.8,18.3,0.0,20.7
2019-03-11,33.4,18.1,0.0,18.4
2019-03-12,34.3,18.0,0.0,21.4
2019-03-13,33.2,18.7,0.0,17.6
2019-03-14,33.1,18.1,0.0,18.4
2019-03-15,34.4,17.7,0.0,16.0
2019-03-16,34.8,19.7,0.0,20.6
2019-03-17,35.1,20.1,0.0,18.7
2019-03-18,35.0,18.1,0.0,19.4
2019-03-19,35.0,18.6,0.0,19.0
2019-03-20,35.4,19.5,0.0,19.6
2019-03-21,34.1,18.9,0.0,19.7
2019-03-22,34.9,18.2,0.0,14.7
2019-03-23,35.7,18.5,0.0,14.6
2019-03-24,37.2,22.1,0.0,10.4
2019-03-25,37.8,24.0,0.0,13.3
2019-03-26,37.9,22.5,0.0,16.5
2019-03-27,37.6,21.2,0.0,21.3
2019-03-28,38.3,21.2,0.0,13.9
2019-03-29,39.1,22.5,0.0,14.2
2019-03-30,38.6,23.1,0.0,20.3
2019-03-31,37.7,23.5,0.0,20.9
2019-04-01,36.9,21.8,0.0,19.8
2019-04-02,37.9,18.6,0.0,19.6
2019-04-03,38.2,20.2,0.0,15.8
2019-04-04,39.1,23.0,0.0,22.1
2019-04-05,37.3,21.1,0.0,21.7
2019-04-06,38.0,22.3,0.0,22.7
2019-04-07,37.3,23.1,0.0,20.1
2019-04-08,38.4,22.3,0.0,20.5
2019-04-09,36.2,22.6,0.0,22.0
2019-04-10,38.5,21.2,0.0,22.4
2019-04-11,38.8,21.8,0.0,22.1
2019-04-12,38.5,22.7,0.0,20.5
2019-04-13,39.6,24.0,0.0,16.2
2019-04-14,37.2,23.1,0.0,17.2
2019-04-15,36.5,24.4,0.0,23.5
2019-04-16,33.5,23.0,0.2,20.9
2019-04-17,34.2,21.1,0.0,21.7
2019-04-18,35.2,17.6,0.0,16.9
2019-04-19,37.0,20.0,0.0,22.7
2019-04-20,36.8,19.8,0.0,21.3
2019-04-21,36.4,20.5,0.0,20.2
2019-04-22,37.5,21.2,0.0,21.4
2019-04-23,39.0,21.7,0.0,21.8
2019-04-24,40.0,24.2,0.0,22.5
2019-04-25,39.5,24.7,0.0,20.4
2019-04-26,41.3,25.9,0.0,22.2
2019-04-27,41.2,26.7,0.0,21.2
2019-04-28,42.6,25.6,0.0,21.8
2019-04-29,39.0,24.3,0.0,20.9
2019-04-30,37.4,24.1,0.0,21.3
2019-05-01,36.1,22.5,0.0,22.8
2019-05-02,34.5,20.3,0.0,20.2
2019-05-03,34.1,19.7,0.0,19.6
2019-05-04,33.6,20.3,0.0,19.6
2019-05-05,34.4,20.1,0.0,18.5
2019-05-06,37.9,20.6,0.0,25.6
2019-05-07,36.5,22.3,0.0,24.5
2019-05-08,35.0,22.2,0.0,19.5
2019-05-09,34.3,22.2,0.0,19.8
2019-05-10,35.3,20.4,0.0,18.9
2019-05-11,37.2,21.0,0.0,16.1
2019-05-12,38.6,21.2,0.0,18.8
2019-05-13,37.0,21.6,0.0,17.9
2019-05-14,37.3,21.1,0.0,21.8
2019-05-15,37.0,20.9,0.0,21.5
2019-05-16,36.9,21.2,0.0,18.9
2019-05-17,37.7,21.6,0.0,18.7
2019-05-18,38.1,22.2,0.0,20.0
2019-05-19,39.1,22.9,0.0,22.8
2019-05-20,40.1,22.9,0.0,22.8
2019-05-21,40.4,24.1,0.0,23.7
2019-05-22,38.4,23.5,0.0,17.9
2019-05-23,38.6,22.8,0.0,21.4
2019-05-24,38.2,22.8,0.0,20.1
2019-05-25,37.1,23.0,0.0,17.5
2019-05-26,36.2,22.0,0.0,19.3
2019-05-27,38.0,22.8,0.0,19.6
2019-05-28,38.6,22.3,0.0,19.8
2019-05-29,38.4,22.5,0.0,20.4
2019-05-30,37.2,22.3,0.0,20.2
2019-05-31,38.4,23.2,0.0,22.5
2019-06-01,36.9,23.8,0.0,20.9
2019-06-02,37.3,22.7,0.0,21.6
2019-06-03,34.4,23.8,0.3,20.3
2019-06-04,35.5,23.7,0.4,19.8
2019-06-05,36.9,23.7,0.0,16.6
2019-06-06,35.0,24.6,1.0,15.5
2019-06-07,36.2,24.8,0.1,17.5
2019-06-08,36.0,24.9,3.4,17.0
2019-06-09,33.8,25.7,7.4,21.6
2019-06-10,33.6,24.2,4.9,15.3
2019-06-11,35.8,23.6,1.4,20.3
2019-06-12,32.3,23.9,2.4,30.7
2019-06-13,31.0,23.2,2.0,28.8
2019-06-14,30.3,22.9,0.5,24.7
2019-06-15,29.9,23.3,1.6,28.4
2019-06-16,30.7,23.6,1.0,26.3
2019-06-17,30.4,23.7,0.6,25.9
2019-06-18,30.9,23.4,0.5,27.4
2019-06-19,30.4,23.9,1.6,22.1
2019-06-20,32.0,23.1,0.5,21.5
2019-06-21,32.2,22.9,0.5,21.4
2019-06-22,32.7,23.0,1.5,17.8
2019-06-23,28.5,23.2,6.2,15.5
2019-06-24,29.9,22.7,10.5,14.5
2019-06-25,31.0,22.8,7.6,15.5
2019-06-26,30.5,23.2,7.3,17.4
2019-06-27,29.9,22.9,24.9,21.1
2019-06-28,28.3,22.9,15.8,24.2
2019-06-29,23.9,22.2,73.4,23.7
2019-06-30,24.9,21.9,22.9,21.4
2019-07-01,25.7,22.3,11.7,20.6
2019-07-02,25.7,22.5,8.9,19.8
2019-07-03,25.5,22.3,3.0,20.8
2019-07-04,27.1,23.0,4.3,25.6
2019-07-05,27.0,22.9,5.5,29.6
2019-07-06,25.0,22.7,11.5,26.5
2019-07-07,25.2,22.6,10.3,25.4
2019-07-08,26.9,23.0,7.6,27.1
2019-07-09,26.6,23.1,5.3,26.7
2019-07-10,26.7,22.7,22.0,28.0
2019-07-11,25.0,22.5,10.9,23.1
2019-07-12,26.3,22.5,1.0,24.9
2019-07-13,27.3,22.6,1.3,24.1
2019-07-14,27.3,22.9,2.1,25.7
2019-07-15,27.4,22.8,1.2,26.0
2019-07-16,27.6,22.9,2.1,23.5
2019-07-17,27.7,22.1,2.3,21.7
2019-07-18,28.0,22.0,0.9,19.2
2019-07-19,28.7,22.0,2.3,14.8
2019-07-20,27.6,22.7,19.9,13.3
2019-07-21,28.6,22.5,9.9,11.9
2019-07-22,30.0,22.7,6.9,13.8
2019-07-23,28.2,23.0,5.3,20.0
2019-07-24,27.1,23.3,7.3,24.7
2019-07-25,27.0,22.8,16.2,26.0
2019-07-26,25.1,21.9,16.3,25.6
2019-07-27,25.4,21.6,18.3,32.4
2019-07-28,24.8,21.7,5.5,28.1
2019-07-29,24.7,21.4,21.1,26.7
2019-07-30,22.8,21.5,55.0,23.1
2019-07-31,23.4,21.4,28.5,23.7
2019-08-01,25.2,22.1,12.4,27.7
2019-08-02,25.1,22.2,15.0,31.6
2019-08-03,24.3,22.1,65.1,27.7
2019-08-04,23.7,22.5,75.4,29.2
2019-08-05,24.4,21.9,34.8,26.7
2019-08-06,24.4,22.4,19.6,29.6
2019-08-07,24.6,22.5,8.3,31.8
2019-08-08,24.5,22.7,11.0,32.1
2019-08-09,25.1,22.5,15.8,30.2
2019-08-10,25.3,22.3,10.9,30.6
2019-08-11,26.6,22.1,6.3,28.5
2019-08-12,26.9,22.3,1.7,22.8
2019-08-13,27.2,22.0,3.1,23.8
2019-08-14,26.5,22.5,2.1,23.7
2019-08-15,26.3,22.3,1.9,26.0
2019-08-16,27.4,22.3,2.2,27.3
2019-08-17,27.0,22.1,1.6,23.2
2019-08-18,27.1,21.5,1.4,21.7
2019-08-19,27.6,21.5,1.0,20.2
2019-08-20,28.2,21.2,1.5,20.5
2019-08-21,27.0,21.0,1.4,22.3
2019-08-22,27.1,21.5,1.5,22.4
2019-08-23,26.9,20.9,0.9,19.5
2019-08-24,27.4,21.6,0.4,20.1
2019-08-25,27.6,21.6,0.5,21.1
2019-08-26,27.2,21.3,1.0,23.1
2019-08-27,27.0,21.2,0.9,23.2
2019-08-28,27.9,21.4,0.4,22.2
2019-08-29,28.2,21.8,1.5,18.5
2019-08-30,26.7,22.7,15.9,17.9
2019-08-31,25.3,22.4,3.9,19.2
2019-09-01,26.8,22.4,5.9,22.2
2019-09-02,26.9,22.3,3.9,20.5
2019-09-03,25.1,22.1,5.5,19.7
2019-09-04,24.0,22.2,86.0,20.2
2019-09-05,26.7,22.1,12.5,26.1
2019-09-06,25.7,22.6,13.1,25.1
2019-09-07,25.4,22.6,19.1,25.8
2019-09-08,26.0,22.4,7.7,25.4
2019-09-09,25.5,22.7,6.4,22.2
2019-09-10,26.2,22.4,1.6,23.7
2019-09-11,26.3,22.1,0.7,23.7
2019-09-12,24.3,21.8,2.3,20.5
2019-09-13,25.8,21.9,4.3,27.0
2019-09-14,26.7,21.7,6.6,23.9
2019-09-15,27.2,21.7,5.1,20.6
2019-09-16,26.2,21.8,1.0,23.6
2019-09-17,27.4,21.6,19.4,18.5
2019-09-18,26.0,21.6,42.2,14.9
2019-09-19,28.2,21.7,24.6,14.1
2019-09-20,27.2,20.8,19.7,19.4
2019-09-21,27.8,20.4,2.9,18.9
2019-09-22,29.0,20.6,1.1,15.8
2019-09-23,28.9,20.5,3.1,15.2
2019-09-24,28.8,21.4,40.2,11.2
2019-09-25,27.7,21.7,24.1,10.7
2019-09-26,27.8,21.8,20.7,12.2
2019-09-27,26.9,21.6,1.8,20.1
2019-09-28,27.7,21.1,0.8,17.9
2019-09-29,28.6,20.7,0.0,17.6
2019-09-30,28.8,19.9,1.1,15.9
2019-10-01,28.1,20.7,1.3,18.9
2019-10-02,29.0,20.6,0.3,14.7
2019-10-03,29.0,20.8,0.2,10.7
2019-10-04,28.4,21.0,5.1,10.2
2019-10-05,28.0,20.8,12.7,8.8
2019-10-06,28.0,19.7,13.6,12.1
2019-10-07,28.6,21.2,9.2,13.2
2019-10-08,28.6,20.7,5.8,10.9
2019-10-09,28.2,20.5,7.0,11.9
2019-10-10,28.8,21.3,0.2,12.7
2019-10-11,27.5,20.5,15.0,12.5
2019-10-12,28.6,20.6,4.0,13.4
2019-10-13,29.2,20.2,1.4,11.1
2019-10-14,28.8,21.0,2.9,13.3
2019-10-15,29.6,20.8,0.0,16.6
2019-10-16,29.0,18.4,0.0,15.1
2019-10-17,28.5,18.8,0.0,13.7
2019-10-18,26.1,20.7,1.8,14.8
2019-10-19,24.2,21.0,23.6,17.5
2019-10-20,22.9,20.6,23.4,16.4
2019-10-21,27.1,20.5,11.3,14.8
2019-10-22,26.0,20.5,16.8,13.0
2019-10-23,24.4,20.8,18.9,8.4
2019-10-24,24.5,20.9,19.8,14.3
2019-10-25,24.2,20.4,8.2,23.0
2019-10-26,25.7,19.7,8.9,22.3
2019-10-27,26.7,19.6,2.9,14.8
2019-10-28,28.5,18.7,8.8,13.8
2019-10-29,28.5,20.7,0.8,14.1
2019-10-30,28.3,20.5,10.5,16.9
2019-10-31,27.5,21.0,0.1,21.6
2019-11-01,26.8,21.2,1.2,22.6
2019-11-02,28.1,18.0,0.3,10.5
2019-11-03,28.0,19.2,0.6,11.0
2019-11-04,28.0,20.6,1.6,12.2
2019-11-05,28.4,20.9,0.6,6.8
2019-11-06,28.5,20.6,2.5,12.6
2019-11-07,28.3,20.0,0.6,16.0
2019-11-08,27.6,18.7,0.0,12.8
2019-11-09,28.5,17.2,0.0,9.4
2019-11-10,28.6,17.3,0.0,8.9
2019-11-11,28.6,19.0,0.0,10.4
2019-11-12,28.5,18.0,0.1,13.7
2019-11-13,27.7,18.4,0.1,14.9
2019-11-14,27.5,16.1,0.0,12.0
2019-11-15,28.1,19.3,0.3,12.5
2019-11-16,28.1,19.3,0.8,13.6
2019-11-17,28.4,19.6,0.4,11.9
2019-11-18,28.6,17.6,0.0,14.8
2019-11-19,29.2,17.7,0.0,10.1
2019-11-20,29.4,17.7,0.0,10.1
2019-11-21,29.2,19.4,0.1,14.1
2019-11-22,29.0,18.0,0.0,12.8
2019-11-23,29.0,17.6,0.0,12.7
2019-11-24,28.5,16.9,0.0,12.1
2019-11-25,29.1,15.9,0.0,14.2
2019-11-26,29.8,15.7,0.0,13.2
2019-11-27,28.8,17.8,0.0,15.6
2019-11-28,29.8,16.6,0.0,10.8
2019-11-29,28.6,19.2,0.3,8.4
2019-11-30,29.9,18.9,0.0,14.8
2019-12-01,29.0,18.4,0.0,11.3
2019-12-02,28.3,18.7,1.2,18.4
2019-12-03,27.0,19.1,0.0,22.0
2019-12-04,26.8,20.1,0.0,22.0
2019-12-05,27.7,21.4,0.2,19.1
2019-12-06,28.2,19.5,0.0,16.2
2019-12-07,27.9,16.6,0.0,12.8
2019-12-08,28.7,16.1,0.0,12.5
2019-12-09,28.3,18.5,0.0,13.6
2019-12-10,28.2,18.1,0.0,9.2
2019-12-11,28.8,18.2,0.0,7.3
2019-12-12,28.3,18.0,0.1,11.3
2019-12-13,28.6,17.0,0.0,13.4
2019-12-14,28.9,16.0,0.0,8.3
2019-12-15,29.0,16.4,0.0,10.1
2019-12-16,28.9,16.8,0.0,8.8
2019-12-17,28.1,16.2,0.0,15.5
2019-12-18,27.5,15.9,0.0,13.6
2019-12-19,27.9,14.6,0.0,10.6
2019-12-20,28.6,15.7,0.0,9.3
2019-12-21,29.0,15.9,0.0,13.4
2019-12-22,27.8,18.6,0.0,13.1
2019-12-23,29.2,19.0,1.1,12.4
2019-12-24,29.0,19.1,0.7,10.5
2019-12-25,28.6,20.6,0.8,8.5
2019-12-26,28.6,19.6,3.3,12.9
2019-12-27,27.8,17.1,0.5,14.0
2019-12-28,26.4,16.6,0.0,16.3
2019-12-29,27.5,16.7,0.9,12.5
2019-12-30,28.1,16.4,0.0,11.6
2019-12-31,28.0,15.4,0.0,15.6
2020-01-01,28.4,12.1,0.0,16.2
2020-01-02,27.9,14.6,0.0,17.1
2020-01-03,27.0,15.0,0.0,10.9
2020-01-04,25.9,12.7,0.0,7.9
2020-01-05,25.4,14.6,0.0,15.1
2020-01-06,28.5,15.4,0.0,15.5
2020-01-07,30.1,17.5,0.0,11.9
2020-01-08,26.6,17.5,0.1,17.3
2020-01-09,27.4,14.4,0.0,9.4
2020-01-10,27.6,14.8,0.0,15.7
2020-01-11,28.5,16.6,0.0,12.4
2020-01-12,28.1,16.5,0.0,10.1
2020-01-13,28.9,15.5,0.0,13.2
2020-01-14,28.2,15.6,0.0,13.6
2020-01-15,29.0,14.4,0.0,18.8
2020-01-16,24.7,13.5,0.0,14.8
2020-01-17,25.3,9.4,0.0,8.7
2020-01-18,28.4,12.6,0.0,9.7
2020-01-19,28.9,14.1,0.0,9.8
2020-01-20,30.0,15.8,0.0,9.4
2020-01-21,30.5,16.7,0.0,16.0
2020-01-22,31.2,18.0,0.0,12.2
2020-01-23,30.2,16.3,0.0,11.2
2020-01-24,30.2,15.7,0.0,9.8
2020-01-25,30.6,16.2,0.0,7.9
2020-01-26,31.5,17.2,0.0,10.5
2020-01-27,31.0,17.7,0.0,19.2
2020-01-28,26.2,15.8,0.0,21.0
2020-01-29,24.9,14.9,0.0,13.8
2020-01-30,27.4,11.3,0.0,9.4
2020-01-31,29.3,13.2,0.0,14.3
2020-02-01,29.1,14.2,0.0,9.3
2020-02-02,30.2,15.2,0.0,13.6
2020-02-03,31.0,15.4,0.0,17.3
2020-02-04,30.5,16.2,0.0,19.1
2020-02-05,30.1,15.6,0.0,14.1
2020-02-06,29.9,16.6,0.0,18.2
2020-02-07,27.6,12.8,0.0,14.5
2020-02-08,27.1,14.1,0.0,17.6
2020-02-09,27.2,16.4,0.1,22.7
2020-02-10,28.7,19.0,0.5,16.3
2020-02-11,28.7,18.3,0.0,18.2
2020-02-12,30.7,20.1,0.0,19.3
2020-02-13,30.0,19.2,0.0,13.1
2020-02-14,30.8,17.8,0.0,12.6
2020-02-15,31.6,18.1,0.0,12.4
2020-02-16,33.3,18.1,0.0,12.7
2020-02-17,33.2,18.2,0.0,13.4
2020-02-18,33.2,18.4,0.0,15.2
2020-02-19,33.2,19.3,0.0,10.1
2020-02-20,33.5,18.9,0.0,13.8
2020-02-21,33.1,19.2,0.0,12.8
2020-02-22,33.1,18.8,0.0,12.2
2020-02-23,33.5,19.2,0.0,10.4
2020-02-24,33.9,19.2,0.0,19.6
2020-02-25,31.2,17.5,0.0,13.4
2020-02-26,31.1,16.1,0.0,15.9
2020-02-27,32.3,16.5,0.0,15.0
2020-02-28,33.1,18.0,0.0,13.6
2020-02-29,33.5,19.6,0.0,20.3
2020-03-01,32.3,18.6,0.0,16.5
2020-03-02,32.7,18.9,0.0,18.7
2020-03-03,30.8,18.6,0.0,21.3
2020-03-04,29.7,15.5,0.0,15.8
2020-03-05,31.2,15.9,0.0,20.2
2020-03-06,27.5,16.5,0.0,21.1
2020-03-07,29.9,15.6,0.0,15.4
2020-03-08,32.0,15.9,0.0,18.2
2020-03-09,32.4,17.4,0.0,17.5
2020-03-10,31.2,18.9,0.0,23.1
2020-03-11,30.2,18.0,0.0,19.1
2020-03-12,30.2,17.2,0.0,20.3
2020-03-13,32.3,14.4,0.0,18.3
2020-03-14,32.3,15.6,0.0,11.8
2020-03-15,33.9,16.5,0.0,13.1
2020-03-16,35.1,19.0,0.0,19.6
2020-03-17,35.6,21.4,0.0,19.0
2020-03-18,34.8,22.4,0.0,17.5
2020-03-19,34.8,20.7,0.0,17.9
2020-03-20,33.1,19.3,0.0,22.7
2020-03-21,33.2,16.8,0.0,18.9
2020-03-22,34.8,18.9,0.0,17.1
2020-03-23,35.6,21.0,0.0,13.9
2020-03-24,36.0,22.0,0.0,16.9
2020-03-25,33.7,22.0,5.6,15.2
2020-03-26,33.6,20.8,0.7,14.7
2020-03-27,32.6,22.2,0.2,9.8
2020-03-28,33.7,21.4,0.4,15.0
2020-03-29,35.5,22.5,0.3,13.7
2020-03-30,35.1,22.0,0.1,16.1
2020-03-31,34.8,22.3,0.2,23.1
2020-04-01,35.2,21.9,0.0,17.5
2020-04-02,36.7,22.5,0.0,17.8
2020-04-03,36.8,21.4,0.0,16.9
2020-04-04,37.4,22.3,0.0,17.3
2020-04-05,38.1,22.2,0.0,22.0
2020-04-06,36.2,21.6,0.0,18.8
2020-04-07,36.2,21.7,0.0,20.4
2020-04-08,34.2,20.0,0.0,18.4
2020-04-09,35.5,19.6,0.0,18.2
2020-04-10,36.5,20.6,0.0,14.1
2020-04-11,36.6,23.6,0.0,14.8
2020-04-12,37.2,24.7,0.0,17.5
2020-04-13,38.6,24.2,0.0,19.2
2020-04-14,38.4,22.6,0.0,16.8
2020-04-15,38.3,24.1,0.0,18.7
2020-04-16,39.0,23.3,0.0,19.8
2020-04-17,38.3,22.4,0.0,21.6
2020-04-18,37.2,24.3,0.0,20.6
2020-04-19,38.1,24.1,0.0,14.5
2020-04-20,38.7,24.2,0.0,19.0
2020-04-21,37.5,23.0,0.0,22.7
2020-04-22,38.0,21.4,0.0,20.6
2020-04-23,37.2,23.8,0.0,20.9
2020-04-24,37.6,23.0,0.0,20.2
2020-04-25,35.1,22.2,0.0,21.7
2020-04-26,37.1,19.8,0.0,20.2
2020-04-27,36.3,21.2,0.0,20.5
2020-04-28,37.5,22.4,0.0,16.2
2020-04-29,36.9,24.6,0.0,20.6
2020-04-30,37.0,24.0,0.2,28.4
2020-05-01,36.6,24.3,0.0,20.5
2020-05-02,37.7,22.9,0.0,22.1
2020-05-03,38.5,23.2,0.0,21.1
2020-05-04,38.4,22.9,0.0,20.4
2020-05-05,38.7,22.4,0.0,19.4
2020-05-06,39.4,24.3,0.0,23.5
2020-05-07,39.2,23.5,0.0,23.7
2020-05-08,39.2,22.3,0.0,24.5
2020-05-09,39.1,22.1,0.0,22.1
2020-05-10,37.9,23.7,0.0,18.8
2020-05-11,36.0,23.8,0.0,20.3
2020-05-12,38.9,25.0,0.0,21.2
2020-05-13,38.8,24.1,0.0,23.1
2020-05-14,37.7,24.1,0.6,13.4
2020-05-15,36.5,23.0,0.9,18.7
2020-05-16,35.9,25.2,0.0,20.1
2020-05-17,37.3,24.1,0.1,21.0
2020-05-18,34.4,24.8,0.1,19.4
2020-05-19,34.1,23.6,0.1,23.3
2020-05-20,34.8,22.3,0.0,20.0
2020-05-21,36.2,22.7,0.0,19.7
2020-05-22,35.3,22.5,0.0,18.3
2020-05-23,38.3,22.7,0.0,22.8
2020-05-24,37.7,23.6,0.0,18.4
2020-05-25,37.8,23.8,0.1,20.4
2020-05-26,36.8,23.7,0.1,18.5
2020-05-27,36.5,23.3,0.0,23.0
2020-05-28,35.7,22.3,0.0,22.7
2020-05-29,36.1,23.4,0.0,21.4
2020-05-30,36.4,23.1,0.0,18.2
2020-05-31,35.9,23.4,0.1,20.3
2020-06-01,28.5,22.8,11.6,11.4
2020-06-02,28.7,22.9,37.0,17.2
2020-06-03,24.3,22.1,72.8,49.1
2020-06-04,28.4,22.0,1.9,30.1
2020-06-05,29.0,22.7,1.3,20.2
2020-06-06,28.3,22.6,1.1,21.9
2020-06-07,29.0,22.9,0.7,20.1
2020-06-08,28.2,22.6,1.1,19.6
2020-06-09,29.3,22.0,2.0,20.2
2020-06-10,29.8,22.7,5.0,18.4
2020-06-11,29.6,22.7,10.8,17.9
2020-06-12,29.2,23.1,3.1,11.7
2020-06-13,28.2,23.0,9.4,13.1
2020-06-14,28.9,23.3,5.9,18.7
2020-06-15,28.3,23.3,8.2,19.0
2020-06-16,28.3,23.2,35.9,17.4
2020-06-17,24.8,22.5,58.8,15.3
2020-06-18,27.3,22.6,5.8,26.7
2020-06-19,28.5,23.0,0.5,21.5
2020-06-20,28.8,23.4,1.2,21.5
2020-06-21,28.1,23.2,1.9,23.8
2020-06-22,28.2,23.1,0.1,18.6
2020-06-23,28.8,22.4,0.4,20.9
2020-06-24,29.4,22.0,4.1,15.6
2020-06-25,30.8,21.9,10.2,14.8
2020-06-26,29.3,22.3,17.0,10.1
2020-06-27,30.0,22.8,3.8,18.0
2020-06-28,29.4,23.1,5.9,16.3
2020-06-29,28.2,23.2,43.8,8.7
2020-06-30,28.3,22.8,24.4,11.6
2020-07-01,28.2,22.4,5.8,15.1
2020-07-02,28.4,22.7,3.6,19.2
2020-07-03,27.4,22.9,13.7,21.0
2020-07-04,25.2,22.7,46.4,22.9
2020-07-05,25.9,23.2,12.5,28.2
2020-07-06,26.3,23.2,6.4,29.8
2020-07-07,27.6,22.8,14.9,22.2
2020-07-08,27.2,23.0,11.5,22.8
2020-07-09,26.5,22.9,4.0,18.7
2020-07-10,26.8,22.8,8.0,20.6
2020-07-11,26.6,22.5,2.9,22.5
2020-07-12,27.2,22.8,3.5,20.6
2020-07-13,27.8,22.7,12.9,16.9
2020-07-14,27.4,22.4,29.1,19.8
2020-07-15,26.0,22.4,15.7,16.9
2020-07-16,26.3,22.5,17.9,24.7
2020-07-17,27.0,22.4,3.8,25.0
2020-07-18,27.9,22.5,0.5,21.1
2020-07-19,28.1,22.9,0.6,18.8
2020-07-20,28.7,22.5,3.7,15.6
2020-07-21,28.8,22.5,7.7,11.9
2020-07-22,29.0,22.4,9.6,16.1
2020-07-23,26.4,22.5,2.6,9.9
2020-07-24,26.3,22.6,12.8,10.5
2020-07-25,27.3,21.4,5.1,10.7
2020-07-26,28.5,22.4,7.5,16.3
2020-07-27,28.0,22.3,7.1,19.6
2020-07-28,28.1,22.0,0.7,18.1
2020-07-29,28.2,22.0,12.1,15.1
2020-07-30,27.9,21.9,6.4,17.5
2020-07-31,29.5,22.3,17.9,17.9
2020-08-01,28.8,22.3,6.3,10.1
2020-08-02,29.4,21.8,6.2,14.8
2020-08-03,26.2,22.9,10.9,24.5
2020-08-04,25.2,22.9,38.2,31.3
2020-08-05,25.0,22.2,44.2,24.8
2020-08-06,26.7,23.0,13.9,31.9
2020-08-07,26.6,22.8,8.3,30.5
2020-08-08,27.1,22.7,4.3,29.1
2020-08-09,26.5,22.5,2.6,25.7
2020-08-10,25.5,22.5,7.1,21.3
2020-08-11,25.1,22.2,11.1,23.4
2020-08-12,25.5,22.4,17.8,29.6
2020-08-13,24.6,22.3,17.9,26.1
2020-08-14,24.0,22.2,24.4,24.1
2020-08-15,24.2,22.1,33.5,23.2
2020-08-16,24.3,21.9,18.2,24.0
2020-08-17,24.4,22.0,14.3,21.9
2020-08-18,26.2,22.3,3.3,23.1
2020-08-19,26.1,22.0,4.0,26.3
2020-08-20,26.3,22.2,6.5,25.5
2020-08-21,25.4,22.4,4.8,25.3
2020-08-22,26.6,22.4,7.9,26.8
2020-08-23,26.4,22.4,5.4,29.0
2020-08-24,27.0,22.1,3.3,27.6
2020-08-25,27.4,21.9,0.5,22.1
2020-08-26,28.4,21.1,0.8,20.4
2020-08-27,26.5,21.6,0.9,18.9
2020-08-28,25.3,22.0,6.1,21.0
2020-08-29,25.9,22.0,4.3,23.3
2020-08-30,25.6,21.9,1.9,25.6
2020-08-31,26.7,21.6,2.5,21.9
2020-09-01,27.6,21.0,1.6,19.2
2020-09-02,28.7,20.4,0.8,10.7
2020-09-03,29.5,21.4,4.4,8.7
2020-09-04,30.6,21.5,4.3,14.3
2020-09-05,30.5,21.8,9.1,12.8
2020-09-06,29.6,22.8,11.2,11.9
2020-09-07,29.3,22.2,13.4,12.5
2020-09-08,29.5,21.8,23.6,12.8
2020-09-09,29.9,21.4,7.1,11.9
2020-09-10,29.3,22.0,9.9,8.0
2020-09-11,29.0,21.8,18.1,11.5
2020-09-12,27.0,21.8,4.6,22.3
2020-09-13,25.9,21.5,1.2,21.1
2020-09-14,27.8,21.7,6.8,14.8
2020-09-15,26.8,21.2,3.4,16.2
2020-09-16,27.2,21.5,9.7,17.3
2020-09-17,28.3,21.8,9.3,14.8
2020-09-18,25.8,21.6,9.4,16.8
2020-09-19,27.6,21.2,17.3,14.5
2020-09-20,28.2,22.1,32.3,12.6
2020-09-21,29.0,22.0,12.0,13.0
2020-09-22,28.1,22.5,17.8,17.0
2020-09-23,25.8,22.5,6.8,25.0
2020-09-24,28.5,22.2,4.7,13.3
2020-09-25,27.6,22.1,6.6,16.7
2020-09-26,27.4,21.2,0.0,19.4
2020-09-27,27.7,20.6,0.4,16.3
2020-09-28,26.9,20.2,1.0,13.2
2020-09-29,27.7,20.0,1.7,12.7
2020-09-30,28.2,20.5,1.0,13.1
2020-10-01,28.6,20.9,0.0,13.6
2020-10-02,28.7,21.0,1.7,13.7
2020-10-03,29.5,20.9,0.1,12.8
2020-10-04,27.5,21.9,2.7,13.0
2020-10-05,27.7,21.4,0.7,12.5
2020-10-06,29.6,19.8,0.0,9.0
2020-10-07,29.6,20.4,0.0,12.1
2020-10-08,29.2,20.8,0.0,10.5
2020-10-09,30.2,21.7,0.5,10.5
2020-10-10,30.1,21.7,20.3,13.2
2020-10-11,25.6,22.6,31.2,10.5
2020-10-12,27.4,20.8,11.4,13.6
2020-10-13,29.1,20.9,15.4,10.8
2020-10-14,26.3,22.6,28.6,12.1
2020-10-15,27.2,21.9,19.9,24.0
2020-10-16,27.9,21.9,2.8,16.1
2020-10-17,28.9,20.8,1.6,11.3
2020-10-18,28.6,21.1,16.9,15.6
2020-10-19,27.9,20.7,3.9,9.4
2020-10-20,28.9,21.6,1.2,10.5
2020-10-21,28.9,20.7,5.8,10.2
2020-10-22,28.4,21.5,5.7,13.8
2020-10-23,27.9,21.0,2.9,11.5
2020-10-24,28.0,21.3,13.8,9.7
2020-10-25,27.4,19.8,4.1,12.9
2020-10-26,27.3,20.2,1.1,10.6
2020-10-27,28.1,19.6,0.0,10.2
2020-10-28,27.4,19.4,0.2,8.0
2020-10-29,28.0,19.1,0.0,9.0
2020-10-30,28.2,18.0,0.0,8.9
2020-10-31,27.8,18.2,0.0,8.0
2020-11-01,28.0,19.3,0.1,7.6
2020-11-02,28.5,20.1,0.0,11.2
2020-11-03,28.7,17.7,0.0,13.5
2020-11-04,28.5,18.6,0.0,8.7
2020-11-05,28.1,18.0,0.0,12.0
2020-11-06,27.8,14.8,0.0,16.6
2020-11-07,28.7,14.1,0.0,12.3
2020-11-08,28.6,16.5,0.0,14.1
2020-11-09,27.3,16.7,0.0,9.7
2020-11-10,26.9,12.6,0.0,16.6
2020-11-11,26.6,13.4,0.0,17.3
2020-11-12,27.9,12.7,0.0,14.1
2020-11-13,29.0,16.8,0.2,18.4
2020-11-14,30.0,18.7,0.1,16.3
2020-11-15,29.7,20.4,0.1,13.4
2020-11-16,30.2,17.5,0.0,16.6
2020-11-17,29.6,19.5,0.0,16.7
2020-11-18,29.9,19.4,0.2,10.1
2020-11-19,29.7,20.4,0.2,8.0
2020-11-20,28.9,20.7,0.3,11.1
2020-11-21,29.1,20.0,0.3,7.1
2020-11-22,29.0,19.4,0.2,9.8
2020-11-23,28.7,19.7,0.0,9.8
2020-11-24,27.6,19.4,0.0,11.0
2020-11-25,28.2,18.1,0.0,12.4
2020-11-26,28.0,14.7,0.0,13.0
2020-11-27,28.0,16.6,0.0,21.9
2020-11-28,25.1,18.6,2.7,23.5
2020-11-29,28.3,19.6,0.0,18.9
2020-11-30,29.4,18.6,0.7,12.4
2020-12-01,29.0,19.7,0.0,11.9
2020-12-02,28.6,17.2,0.0,13.2
2020-12-03,28.5,15.0,0.0,12.8
2020-12-04,28.4,14.0,0.0,12.6
2020-12-05,28.3,15.3,0.0,12.2
2020-12-06,28.1,12.7,0.0,17.0
2020-12-07,28.3,13.7,0.0,17.0
2020-12-08,29.6,14.7,0.0,15.0
2020-12-09,29.2,16.1,0.0,14.0
2020-12-10,30.1,19.6,0.0,9.6
2020-12-11,26.8,19.7,0.6,7.1
2020-12-12,30.1,18.5,0.0,12.7
2020-12-13,28.2,18.6,0.4,13.8
2020-12-14,24.0,18.9,2.6,5.4
2020-12-15,29.1,18.9,0.0,8.4
2020-12-16,28.6,16.3,0.0,14.0
2020-12-17,28.3,15.9,0.0,12.8
2020-12-18,28.1,16.1,0.0,10.0
2020-12-19,27.8,14.7,0.0,13.7
2020-12-20,27.3,13.9,0.0,18.4
2020-12-21,26.7,12.3,0.0,13.7
2020-12-22,26.6,12.1,0.0,11.2
2020-12-23,27.7,11.5,0.0,10.5
2020-12-24,27.8,13.3,0.0,10.7
2020-12-25,28.6,13.3,0.0,12.6
2020-12-26,29.2,14.4,0.0,10.8
2020-12-27,29.2,15.5,0.0,11.0
2020-12-28,29.4,15.7,0.0,8.7
2020-12-29,29.7,15.6,0.0,10.5
2020-12-30,29.5,15.1,0.0,10.3
2020-12-31,29.4,14.7,0.0,16.5
2021-01-01,28.9,17.5,0.0,10.8
2021-01-02,29.1,18.5,0.0,11.7
2021-01-03,28.9,15.2,0.0,10.0
2021-01-04,27.7,18.8,5.8,11.1
2021-01-05,26.6,17.9,0.0,13.1
2021-01-06,28.9,19.0,2.7,8.7
2021-01-07,25.6,19.3,1.3,13.4
2021-01-08,26.7,19.9,1.2,11.5
2021-01-09,28.2,19.2,3.3,10.0
2021-01-10,29.0,19.9,0.3,12.6
2021-01-11,29.6,17.7,0.0,11.2
2021-01-12,29.9,16.8,0.0,11.1
2021-01-13,29.1,17.3,0.0,11.2
2021-01-14,29.5,18.3,0.0,10.7
2021-01-15,30.3,15.9,0.0,14.1
2021-01-16,30.5,16.3,0.0,9.7
2021-01-17,30.5,19.4,0.0,11.3
2021-01-18,31.4,19.6,0.0,10.1
2021-01-19,30.4,18.8,0.0,9.7
2021-01-20,30.4,17.2,0.0,13.0
2021-01-21,30.0,15.9,0.0,10.5
2021-01-22,30.5,16.1,0.0,10.2
2021-01-23,30.6,15.9,0.0,9.4
2021-01-24,30.6,15.6,0.0,13.1
2021-01-25,29.9,15.4,0.0,12.9
2021-01-26,30.1,16.8,0.0,13.0
2021-01-27,30.3,15.5,0.0,13.7
2021-01-28,30.6,15.1,0.0,13.6
2021-01-29,29.3,14.7,0.0,11.4
2021-01-30,29.5,14.8,0.0,13.0
2021-01-31,29.5,15.0,0.0,13.2
2021-02-01,28.9,15.6,0.0,14.8
2021-02-02,29.3,16.2,0.0,13.5
2021-02-03,29.1,15.8,0.0,13.0
2021-02-04,29.5,15.4,0.0,9.0
2021-02-05,28.5,14.3,0.0,10.7
2021-02-06,28.6,13.8,0.0,14.1
2021-02-07,28.3,13.8,0.0,14.8
2021-02-08,29.0,13.3,0.0,14.5
2021-02-09,29.9,13.5,0.0,10.9
2021-02-10,30.2,14.3,0.0,10.0
2021-02-11,30.5,15.6,0.0,9.8
2021-02-12,31.3,16.4,0.0,11.2
2021-02-13,31.2,17.0,0.0,14.2
2021-02-14,30.6,16.2,0.0,11.9
2021-02-15,30.7,16.7,0.0,17.1
2021-02-16,31.1,16.4,0.0,17.3
2021-02-17,30.0,17.1,0.0,11.6
2021-02-18,30.1,18.2,2.6,17.9
2021-02-19,26.2,16.6,0.2,21.6
2021-02-20,28.7,14.8,0.0,24.9
2021-02-21,28.2,17.3,0.2,20.2
2021-02-22,28.6,16.8,0.6,14.8
2021-02-23,32.0,17.6,0.0,12.3
2021-02-24,33.1,18.8,0.0,10.0
2021-02-25,33.0,18.5,0.0,13.8
2021-02-26,32.7,19.6,0.0,15.5
2021-02-27,34.1,18.1,0.0,8.1
2021-02-28,34.4,19.3,0.0,13.5
2021-03-01,33.9,21.6,0.0,10.8
2021-03-02,34.1,19.8,0.0,12.2
2021-03-03,34.4,18.6,0.0,12.7
2021-03-04,34.6,17.7,0.0,12.1
2021-03-05,34.3,19.7,0.0,12.1
2021-03-06,34.6,18.9,0.0,14.1
2021-03-07,34.3,18.3,0.0,14.5
2021-03-08,34.4,19.0,0.0,12.2
2021-03-09,34.8,21.2,0.0,15.5
2021-03-10,34.8,19.9,0.0,18.6
2021-03-11,34.7,21.1,0.0,21.0
2021-03-12,34.8,19.8,0.0,18.7
2021-03-13,34.5,20.7,0.0,17.0
2021-03-14,35.5,21.3,0.0,14.6
2021-03-15,36.2,20.1,0.0,14.7
2021-03-16,34.5,20.1,0.0,12.6
2021-03-17,34.6,21.3,0.0,13.8
2021-03-18,34.7,21.9,0.0,17.9
2021-03-19,34.5,22.1,0.0,18.4
2021-03-20,34.1,19.9,0.0,9.3
2021-03-21,33.6,19.9,0.1,17.6
2021-03-22,32.8,20.0,0.0,13.0
2021-03-23,33.8,21.8,1.6,18.3
2021-03-24,34.0,20.4,0.0,11.5
2021-03-25,36.2,21.6,0.0,10.3
2021-03-26,36.3,22.6,0.0,12.0
2021-03-27,36.9,20.6,0.0,12.9
2021-03-28,37.0,22.9,0.0,14.8
2021-03-29,38.1,20.8,0.0,13.3
2021-03-30,35.7,21.9,0.0,23.3
2021-03-31,37.2,19.3,0.0,19.8
2021-04-01,35.6,20.1,0.0,18.5
2021-04-02,36.0,18.9,0.0,16.7
2021-04-03,36.3,18.7,0.0,20.6
2021-04-04,36.6,19.7,0.0,22.8
2021-04-05,38.2,21.4,0.0,24.3
2021-04-06,38.0,22.1,0.0,18.7
2021-04-07,38.1,24.3,0.0,21.9
2021-04-08,36.9,23.7,0.0,22.8
2021-04-09,36.5,21.8,0.0,13.1
2021-04-10,35.7,22.3,0.1,16.7
2021-04-11,36.1,25.7,0.0,17.7
2021-04-12,35.3,22.3,0.0,14.7
2021-04-13,35.2,23.7,0.0,15.9
2021-04-14,34.2,22.1,0.1,12.6
2021-04-15,34.7,20.8,0.0,24.3
2021-04-16,37.5,21.9,0.0,25.6
2021-04-17,37.2,21.1,0.0,23.1
2021-04-18,37.3,21.7,0.0,18.0
2021-04-19,36.2,23.1,0.0,17.9
2021-04-20,35.7,21.2,0.0,18.4
2021-04-21,35.4,21.3,0.0,19.9
2021-04-22,36.8,21.2,0.0,17.4
2021-04-23,36.5,22.0,0.0,20.7
2021-04-24,36.7,21.5,0.0,17.6
2021-04-25,37.8,21.6,0.0,18.6
2021-04-26,37.5,22.6,0.1,24.9
2021-04-27,36.6,22.3,0.1,21.5
2021-04-28,36.5,22.3,0.1,21.7
2021-04-29,36.0,22.9,0.1,19.2
2021-04-30,36.8,23.6,0.1,22.5
2021-05-01,36.0,23.1,0.2,17.6
2021-05-02,35.8,23.3,2.8,8.9
2021-05-03,34.7,21.7,0.0,15.9
2021-05-04,34.6,23.6,0.0,14.1
2021-05-05,36.6,22.8,0.0,19.4
2021-05-06,36.5,23.9,0.0,17.1
2021-05-07,35.5,23.6,0.1,18.7
2021-05-08,35.6,24.1,0.6,14.4
2021-05-09,35.8,25.1,0.3,16.7
2021-05-10,36.7,22.8,0.0,19.2
2021-05-11,34.8,23.1,0.0,20.9
2021-05-12,35.2,21.9,0.1,20.1
2021-05-13,35.2,21.8,0.0,15.4
2021-05-14,36.0,22.8,0.4,12.8
2021-05-15,37.5,24.8,0.7,24.3
2021-05-16,30.0,23.2,20.1,38.9
2021-05-17,26.7,22.4,33.6,31.4
2021-05-18,29.0,23.4,0.6,27.4
2021-05-19,28.3,23.0,3.5,25.9
2021-05-20,30.7,21.2,0.5,15.0
2021-05-21,31.3,20.7,0.4,14.7
2021-05-22,30.0,22.5,0.2,17.8
2021-05-23,31.5,22.3,2.8,16.3
2021-05-24,32.6,22.3,0.2,18.8
2021-05-25,31.9,21.6,0.6,17.4
2021-05-26,31.9,22.4,0.0,23.1
2021-05-27,31.7,22.4,0.0,25.5
2021-05-28,32.8,22.8,0.0,20.5
2021-05-29,34.3,23.0,1.0,19.9
2021-05-30,30.5,23.1,5.5,14.8
2021-05-31,29.6,23.1,0.3,13.7
2021-06-01,31.9,22.6,10.9,16.3
2021-06-02,31.5,22.6,16.2,14.4
2021-06-03,30.9,23.5,18.6,11.2
2021-06-04,30.2,22.1,7.1,15.2
2021-06-05,25.6,22.2,20.0,7.2
2021-06-06,29.4,22.2,0.2,14.9
2021-06-07,28.7,22.1,0.4,20.2
2021-06-08,28.5,22.4,6.4,20.5
2021-06-09,27.3,22.4,9.3,24.6
2021-06-10,26.8,22.1,6.1,26.9
2021-06-11,27.5,22.8,2.3,28.8
2021-06-12,28.5,22.6,8.5,21.0
2021-06-13,28.9,22.4,1.9,22.3
2021-06-14,29.7,22.8,0.8,22.5
2021-06-15,27.6,23.0,0.9,23.5
2021-06-16,24.7,21.6,3.6,20.3
2021-06-17,25.4,21.6,3.5,22.9
2021-06-18,26.5,21.7,12.2,27.2
2021-06-19,25.8,21.3,9.7,25.1
2021-06-20,26.9,21.8,3.3,27.2
2021-06-21,27.6,21.7,2.2,22.7
2021-06-22,28.3,22.1,1.4,21.3
2021-06-23,27.7,22.5,2.1,20.4
2021-06-24,24.5,22.3,6.0,19.5
2021-06-25,26.5,22.0,2.7,23.1
2021-06-26,27.4,21.7,0.6,23.9
2021-06-27,24.3,21.6,17.0,15.5
2021-06-28,28.0,21.4,8.7,14.4
2021-06-29,29.8,21.5,1.9,16.2
2021-06-30,29.1,22.2,1.4,21.3
2021-07-01,28.9,22.2,0.1,23.8
2021-07-02,29.2,22.3,0.1,23.1
2021-07-03,29.7,21.8,0.3,19.5
2021-07-04,29.9,22.1,0.4,17.3
2021-07-05,30.1,21.5,0.6,17.5
2021-07-06,30.9,22.1,4.2,13.7
2021-07-07,29.3,22.5,3.1,17.7
2021-07-08,29.7,23.0,5.6,18.4
2021-07-09,27.1,22.6,7.5,19.2
2021-07-10,27.0,22.2,12.8,15.9
2021-07-11,29.6,21.8,2.3,17.6
2021-07-12,27.4,22.2,4.0,20.9
2021-07-13,25.5,22.7,7.7,24.1
2021-07-14,25.6,22.5,15.3,22.8
2021-07-15,27.6,22.5,13.4,19.8
2021-07-16,26.7,22.7,3.9,24.2
2021-07-17,27.8,22.8,2.9,27.0
2021-07-18,26.1,22.6,13.6,24.3
2021-07-19,26.0,22.5,9.4,23.8
2021-07-20,25.1,22.1,17.1,24.4
2021-07-21,24.6,21.9,39.0,31.0
2021-07-22,24.4,22.6,43.0,31.6
2021-07-23,23.2,21.9,19.1,24.3
2021-07-24,26.9,21.7,3.9,28.1
2021-07-25,26.7,22.6,3.8,29.8
2021-07-26,26.2,22.4,6.4,31.2
2021-07-27,26.5,22.2,4.6,29.5
2021-07-28,25.8,21.8,6.4,28.0
2021-07-29,24.3,22.2,4.0,27.2
2021-07-30,24.2,22.3,5.3,27.1
2021-07-31,26.8,22.1,1.4,34.9
2021-08-01,25.1,22.1,0.4,33.5
2021-08-02,26.5,21.9,1.6,29.2
2021-08-03,26.3,22.0,4.8,30.9
2021-08-04,26.5,22.1,2.1,30.7
2021-08-05,26.9,22.2,1.3,27.3
2021-08-06,27.4,22.0,0.2,27.0
2021-08-07,27.3,21.9,1.1,22.3
2021-08-08,27.8,21.9,1.7,15.3
2021-08-09,28.1,21.8,1.7,20.5
2021-08-10,27.7,21.3,1.3,20.3
2021-08-11,27.1,21.6,0.9,21.3
2021-08-12,26.9,21.4,1.4,22.0
2021-08-13,27.4,21.4,1.6,21.6
2021-08-14,26.5,21.4,2.1,22.4
2021-08-15,27.1,21.5,2.3,22.5
2021-08-16,26.3,21.6,0.9,16.2
2021-08-17,24.1,21.5,9.8,14.1
2021-08-18,24.7,21.3,5.7,19.4
2021-08-19,22.9,21.2,19.8,17.4
2021-08-20,25.4,21.2,4.5,15.8
2021-08-21,26.4,21.3,2.9,21.9
2021-08-22,27.3,21.1,4.0,18.0
2021-08-23,28.9,20.0,0.6,16.7
2021-08-24,29.3,20.7,0.9,17.4
2021-08-25,28.1,20.9,1.4,20.5
2021-08-26,27.2,21.1,1.8,21.0
2021-08-27,28.4,21.3,1.6,18.9
2021-08-28,27.4,20.8,0.6,18.1
2021-08-29,27.0,20.6,0.5,18.4
2021-08-30,25.4,21.3,8.9,17.4
2021-08-31,23.6,21.4,22.3,18.5
2021-09-01,26.3,21.6,5.2,21.4
2021-09-02,26.8,21.5,0.9,20.9
2021-09-03,27.4,21.1,3.9,21.3
2021-09-04,27.1,22.0,9.7,19.5
2021-09-05,24.6,21.8,6.9,17.4
2021-09-06,26.4,21.6,9.3,14.8
2021-09-07,26.0,21.9,12.2,13.1
2021-09-08,25.3,21.8,11.9,26.9
2021-09-09,26.5,22.2,6.2,30.1
2021-09-10,26.9,22.2,3.0,27.9
2021-09-11,26.4,22.0,5.0,24.5
2021-09-12,26.3,22.4,7.2,23.2
2021-09-13,26.5,22.4,4.9,28.9
2021-09-14,26.8,22.1,1.8,26.7
2021-09-15,26.3,21.6,0.0,23.3
2021-09-16,27.1,21.3,0.0,21.3
2021-09-17,26.9,20.7,0.1,21.0
2021-09-18,26.9,20.6,0.3,19.2
2021-09-19,27.2,21.1,2.7,15.8
2021-09-20,26.9,21.7,4.5,16.6
2021-09-21,25.4,21.7,5.0,18.6
2021-09-22,25.5,21.8,3.9,20.3
2021-09-23,27.0,21.5,2.1,18.4
2021-09-24,28.0,21.6,0.5,15.1
2021-09-25,27.6,20.7,0.9,15.7
2021-09-26,26.7,20.6,1.9,16.8
2021-09-27,24.6,21.3,7.4,15.2
2021-09-28,24.4,21.2,9.2,20.6
2021-09-29,26.9,21.8,1.2,23.2
2021-09-30,28.0,21.0,1.3,16.6
2021-10-01,29.2,20.8,4.9,13.7
2021-10-02,28.5,21.6,5.4,10.6
2021-10-03,29.4,21.2,3.5,10.4
2021-10-04,29.4,21.9,2.0,9.3
2021-10-05,29.7,21.8,3.1,10.2
2021-10-06,29.3,21.2,13.7,11.7
2021-10-07,29.7,21.4,1.3,16.2
2021-10-08,28.3,21.7,6.5,10.2
2021-10-09,28.4,21.6,5.3,14.6
2021-10-10,27.9,21.9,10.0,11.0
2021-10-11,28.4,21.0,1.1,11.2
2021-10-12,28.9,20.6,0.0,12.3
2021-10-13,29.6,20.8,0.0,14.0
2021-10-14,29.6,20.1,0.0,11.9
2021-10-15,29.8,21.1,0.0,10.6
2021-10-16,29.5,18.2,0.0,7.1
2021-10-17,30.0,20.7,0.3,15.5
2021-10-18,28.4,20.0,0.0,20.2
2021-10-19,28.7,19.7,0.0,13.2
2021-10-20,29.7,18.6,0.0,7.9
2021-10-21,29.7,19.2,0.0,11.0
2021-10-22,29.6,19.0,0.0,9.4
2021-10-23,30.1,16.9,0.0,8.6
2021-10-24,29.4,18.7,0.0,12.0
2021-10-25,30.0,17.2,0.0,14.2
2021-10-26,30.2,19.5,0.0,11.3
2021-10-27,30.4,17.5,0.0,16.1
2021-10-28,30.5,16.7,0.0,19.0
2021-10-29,30.0,16.4,0.0,14.4
2021-10-30,30.4,17.6,0.0,13.1
2021-10-31,30.9,18.5,0.0,11.5
2021-11-01,31.1,19.0,0.0,9.8
2021-11-02,31.4,18.6,0.0,14.4
2021-11-03,30.2,19.6,1.4,16.3
2021-11-04,29.6,20.7,0.1,15.1
2021-11-05,29.8,20.1,1.3,15.5
2021-11-06,30.8,20.2,1.8,16.6
2021-11-07,30.2,20.3,0.0,18.9
2021-11-08,29.9,18.3,0.0,16.0
2021-11-09,29.6,16.4,0.0,16.3
2021-11-10,29.2,15.4,0.0,13.8
2021-11-11,29.5,16.9,0.0,15.7
2021-11-12,30.2,17.0,0.0,15.8
2021-11-13,31.1,19.3,0.0,13.7
2021-11-14,31.0,22.1,0.7,14.1
2021-11-15,31.3,21.4,0.2,14.1
2021-11-16,31.9,22.4,1.9,21.3
2021-11-17,29.7,21.6,16.7,22.1
2021-11-18,28.9,20.7,2.3,17.1
2021-11-19,29.4,19.5,0.0,17.3
2021-11-20,30.1,21.2,2.1,21.7
2021-11-21,29.0,21.2,8.1,20.3
2021-11-22,28.7,20.9,0.2,11.3
2021-11-23,29.8,20.5,0.6,11.6
2021-11-24,30.2,20.8,0.1,15.5
2021-11-25,29.8,19.5,0.0,10.2
2021-11-26,29.7,17.9,0.0,11.4
2021-11-27,29.4,17.5,0.0,15.1
2021-11-28,28.6,16.2,0.0,16.9
2021-11-29,27.5,14.7,0.0,19.2
2021-11-30,28.4,18.7,0.2,20.5
2021-12-01,20.8,17.5,36.1,15.3
2021-12-02,24.0,16.4,28.6,16.7
2021-12-03,23.2,18.3,9.7,8.4
2021-12-04,25.0,18.7,1.3,10.7
2021-12-05,26.3,17.3,0.0,7.2
2021-12-06,26.6,16.5,0.0,7.7
2021-12-07,26.6,16.1,0.0,15.2
2021-12-08,26.6,16.9,0.0,11.0
2021-12-09,26.9,15.6,0.0,12.5
2021-12-10,27.2,16.0,0.0,13.0
2021-12-11,27.0,15.7,0.0,15.3
2021-12-12,26.9,14.9,0.0,12.8
2021-12-13,27.2,15.0,0.0,7.6
2021-12-14,26.9,15.1,0.0,8.5
2021-12-15,27.0,17.1,0.2,10.7
2021-12-16,27.0,17.0,0.1,9.2
2021-12-17,26.8,15.7,0.0,9.0
2021-12-18,26.4,13.4,0.0,9.7
2021-12-19,25.8,13.2,0.0,15.0
2021-12-20,26.2,12.7,0.0,10.5
2021-12-21,26.9,13.4,0.0,9.4
2021-12-22,27.5,14.2,0.0,11.1
2021-12-23,28.7,14.3,0.0,9.0
2021-12-24,29.2,13.7,0.0,14.0
2021-12-25,28.4,13.5,0.0,9.4
2021-12-26,28.4,13.6,0.0,9.0
2021-12-27,28.4,15.8,0.0,8.6
2021-12-28,28.6,15.2,0.0,14.7
2021-12-29,26.1,12.9,0.0,8.4
2021-12-30,26.6,14.4,0.0,17.3
2021-12-31,27.1,15.5,0.0,17.4
2022-01-01,27.4,14.2,0.0,11.5
2022-01-02,27.2,16.2,0.4,13.0
2022-01-03,28.0,16.3,0.0,11.2
2022-01-04,27.9,16.9,0.0,10.9
2022-01-05,27.7,15.0,0.0,8.7
2022-01-06,27.9,15.3,0.0,9.4
2022-01-07,28.2,15.4,0.0,18.8
2022-01-08,26.1,15.0,0.0,15.9
2022-01-09,25.0,15.6,2.6,14.6
2022-01-10,26.0,13.1,0.0,13.5
2022-01-11,25.4,11.8,0.0,13.3
2022-01-12,24.4,12.5,0.0,11.6
2022-01-13,24.9,12.0,0.1,12.3
2022-01-14,24.9,13.3,0.0,8.0
2022-01-15,26.1,13.4,0.0,13.5
2022-01-16,27.3,13.7,0.0,15.9
2022-01-17,26.9,15.5,0.2,15.0
2022-01-18,27.2,15.6,0.0,8.8
2022-01-19,28.1,15.5,0.0,8.6
2022-01-20,28.9,15.5,0.0,14.8
2022-01-21,29.1,14.1,0.0,14.6
2022-01-22,26.4,15.7,0.5,23.1
2022-01-23,22.9,13.0,1.2,20.8
2022-01-24,22.4,9.5,0.0,10.9
2022-01-25,25.1,10.4,0.0,12.1
2022-01-26,25.9,9.9,0.0,10.7
2022-01-27,26.3,12.0,0.0,12.7
2022-01-28,26.7,12.4,0.0,13.3
2022-01-29,27.5,12.2,0.0,11.2
2022-01-30,28.8,12.0,0.0,8.3
2022-01-31,29.7,14.2,0.0,10.0
2022-02-01,30.2,13.5,0.0,10.1
2022-02-02,31.5,13.7,0.0,14.4
2022-02-03,28.6,14.8,0.0,19.0
2022-02-04,26.6,14.4,0.0,12.2
2022-02-05,29.4,12.9,0.0,11.6
2022-02-06,30.3,12.8,0.0,11.3
2022-02-07,30.3,14.8,0.0,12.3
2022-02-08,29.9,14.7,0.0,17.7
2022-02-09,28.9,13.6,0.0,13.7
2022-02-10,29.2,14.0,0.0,14.1
2022-02-11,29.3,14.7,0.0,15.2
2022-02-12,30.0,16.4,0.0,10.1
2022-02-13,30.2,16.1,0.0,15.0
2022-02-14,29.9,15.4,0.0,15.6
2022-02-15,29.5,14.1,0.0,16.3
2022-02-16,29.5,14.0,0.0,18.5
2022-02-17,29.9,15.0,0.0,14.6
2022-02-18,30.9,14.9,0.0,18.9
2022-02-19,32.3,17.5,0.0,15.6
2022-02-20,32.6,18.0,0.0,16.3
2022-02-21,32.6,15.8,0.0,11.4
2022-02-22,34.1,17.3,0.0,10.8
2022-02-23,34.5,16.6,0.0,10.0
2022-02-24,33.6,18.6,0.0,14.1
2022-02-25,33.3,20.4,0.0,14.8
2022-02-26,34.2,18.0,0.0,17.4
2022-02-27,33.2,18.5,0.0,15.8
2022-02-28,33.5,17.9,0.0,16.8
2022-03-01,33.2,19.2,0.0,13.2
2022-03-02,34.7,18.5,0.0,12.2
2022-03-03,34.3,19.0,0.0,15.1
2022-03-04,33.9,20.3,0.0,11.2
2022-03-05,34.5,19.5,0.0,15.6
2022-03-06,33.9,20.5,0.0,13.3
2022-03-07,33.6,21.0,0.0,16.0
2022-03-08,33.4,21.9,0.0,13.8
2022-03-09,33.1,20.4,0.0,16.7
2022-03-10,32.7,19.1,0.1,11.4
2022-03-11,33.2,19.4,0.0,19.8
2022-03-12,33.1,19.0,0.0,12.9
2022-03-13,34.8,19.8,0.0,14.5
2022-03-14,35.1,20.8,0.0,14.8
2022-03-15,36.4,21.2,0.0,17.7
2022-03-16,37.2,19.5,0.0,16.3
2022-03-17,37.7,22.1,0.0,16.8
2022-03-18,38.3,21.4,0.0,16.7
2022-03-19,37.9,21.6,0.0,23.0
2022-03-20,36.5,22.1,0.0,20.0
2022-03-21,37.0,21.1,0.0,15.4
2022-03-22,37.4,21.5,0.0,16.3
2022-03-23,36.7,23.7,0.0,18.2
2022-03-24,37.3,24.0,0.0,24.1
2022-03-25,36.0,22.3,0.0,13.8
2022-03-26,37.3,23.0,0.0,16.2
2022-03-27,38.8,21.0,0.0,17.0
2022-03-28,38.6,22.1,0.0,15.1
2022-03-29,39.3,22.4,0.0,19.9
2022-03-30,38.7,21.4,0.0,18.5
2022-03-31,38.0,22.4,0.0,20.2
2022-04-01,38.5,19.9,0.0,19.2
2022-04-02,38.4,21.4,0.0,21.6
2022-04-03,39.7,21.0,0.0,21.3
2022-04-04,41.8,21.5,0.0,29.1
2022-04-05,39.8,22.7,0.0,26.4
2022-04-06,40.2,22.7,0.0,23.2
2022-04-07,39.0,22.6,0.0,21.3
2022-04-08,40.1,23.0,0.0,28.9
2022-04-09,39.3,23.3,0.0,21.6
2022-04-10,39.0,23.0,0.0,29.4
2022-04-11,39.0,22.3,0.0,21.6
2022-04-12,39.5,23.9,0.0,14.1
2022-04-13,39.2,24.2,0.0,13.7
2022-04-14,39.1,24.9,0.0,24.8
2022-04-15,37.8,22.0,0.0,18.1
2022-04-16,38.7,20.9,0.0,21.7
2022-04-17,38.5,20.5,0.0,23.0
2022-04-18,39.4,21.4,0.0,27.6
2022-04-19,38.7,21.8,0.0,26.1
2022-04-20,39.0,22.3,0.0,23.1
2022-04-21,39.2,24.8,0.0,15.1
2022-04-22,38.3,24.4,0.2,14.1
2022-04-23,36.4,25.1,0.1,16.0
2022-04-24,38.8,25.2,0.0,13.3
2022-04-25,38.7,24.2,0.0,23.0
2022-04-26,39.8,23.9,0.0,21.1
2022-04-27,40.3,24.4,0.0,13.2
2022-04-28,40.9,24.9,0.0,19.7
2022-04-29,40.0,23.8,0.0,22.9
2022-04-30,37.8,24.4,0.0,20.7
2022-05-01,38.3,22.4,0.0,21.2
2022-05-02,36.9,21.7,0.0,20.9
2022-05-03,37.0,21.3,0.0,21.4
2022-05-04,38.9,21.6,0.0,21.3
2022-05-05,39.5,21.9,0.0,29.7
2022-05-06,38.3,22.2,0.0,23.8
2022-05-07,38.8,22.3,0.0,20.9
2022-05-08,40.3,23.8,0.0,29.0
2022-05-09,37.3,24.8,0.2,26.3
2022-05-10,36.7,23.7,0.0,23.7
2022-05-11,35.7,23.2,0.4,24.7
2022-05-12,33.3,24.4,0.0,22.6
2022-05-13,34.7,23.8,0.0,20.3
2022-05-14,36.5,22.0,0.0,21.9
2022-05-15,37.1,22.1,0.0,18.6
2022-05-16,40.0,23.2,0.0,23.7
2022-05-17,37.0,22.9,0.0,19.8
2022-05-18,37.2,22.1,0.0,19.8
2022-05-19,37.1,24.0,0.0,25.5
2022-05-20,33.0,23.5,3.4,21.6
2022-05-21,34.3,23.0,0.0,27.9
2022-05-22,33.1,23.1,0.0,28.1
2022-05-23,34.1,23.5,0.0,26.2
2022-05-24,34.2,23.2,0.0,22.0
2022-05-25,34.7,23.1,0.0,19.6
2022-05-26,35.2,21.9,0.0,20.2
2022-05-27,34.3,22.4,0.0,21.5
2022-05-28,33.6,22.1,0.0,23.9
2022-05-29,33.4,22.4,0.0,23.7
2022-05-30,34.8,21.9,0.0,20.5
2022-05-31,35.7,22.0,0.2,23.0
2022-06-01,35.4,24.1,0.6,19.8
2022-06-02,34.1,23.2,0.4,18.7
2022-06-03,35.5,22.5,0.1,19.5
2022-06-04,36.4,22.6,0.0,19.8
2022-06-05,37.9,23.4,0.2,19.7
2022-06-06,35.6,23.8,19.8,17.6
2022-06-07,33.5,23.1,1.8,19.2
2022-06-08,34.6,22.8,0.9,16.9
2022-06-09,33.5,24.3,1.0,14.3
2022-06-10,34.6,22.9,9.9,21.0
2022-06-11,31.2,23.3,6.5,21.0
2022-06-12,29.9,22.8,3.0,17.5
2022-06-13,32.0,22.6,0.7,20.3
2022-06-14,33.2,22.4,0.0,20.7
2022-06-15,32.8,22.8,0.9,21.5
2022-06-16,32.3,22.8,0.9,19.3
2022-06-17,32.5,22.7,1.5,18.6
2022-06-18,31.5,22.9,1.9,19.7
2022-06-19,30.9,23.4,6.2,21.5
2022-06-20,27.7,22.1,15.2,24.2
2022-06-21,27.8,22.0,1.0,21.7
2022-06-22,31.0,22.1,22.3,16.1
2022-06-23,29.3,21.4,18.6,13.4
2022-06-24,30.2,21.7,5.9,14.3
2022-06-25,27.4,22.4,33.7,14.7
2022-06-26,26.0,21.6,13.1,21.4
2022-06-27,26.0,22.4,10.9,25.3
2022-06-28,27.9,22.1,1.1,22.9
2022-06-29,29.1,22.7,5.1,19.5
2022-06-30,29.1,22.7,4.1,21.9
2022-07-01,27.0,22.6,3.1,25.6
2022-07-02,27.5,22.5,3.5,28.0
2022-07-03,27.0,22.6,3.6,24.7
2022-07-04,27.1,22.3,3.7,21.6
2022-07-05,25.4,22.3,14.4,22.9
2022-07-06,25.0,22.3,2.4,21.6
2022-07-07,25.8,22.4,5.1,26.9
2022-07-08,24.2,21.8,10.3,24.2
2022-07-09,23.6,21.0,18.4,23.5
2022-07-10,23.8,21.0,11.2,25.4
2022-07-11,22.4,20.9,31.2,23.1
2022-07-12,24.2,21.0,28.6,28.2
2022-07-13,23.1,21.0,29.1,27.8
2022-07-14,24.5,21.4,27.9,28.6
2022-07-15,25.5,22.3,18.3,28.7
2022-07-16,26.7,22.4,17.5,28.0
2022-07-17,27.3,22.3,4.0,27.3
2022-07-18,25.4,21.9,8.9,22.7
2022-07-19,25.1,21.7,1.4,24.0
2022-07-20,26.3,21.5,2.1,23.4
2022-07-21,27.7,21.5,2.0,22.0
2022-07-22,27.1,21.5,2.3,22.1
2022-07-23,25.7,21.9,6.8,24.3
2022-07-24,25.0,21.6,9.2,19.1
2022-07-25,24.9,21.8,2.1,18.4
2022-07-26,27.9,21.7,5.8,17.3
2022-07-27,27.0,21.6,15.2,14.7
2022-07-28,28.6,20.9,1.2,11.0
2022-07-29,29.3,21.8,9.1,10.5
2022-07-30,28.3,22.2,5.8,12.1
2022-07-31,29.1,20.9,1.2,17.4
2022-08-01,28.1,21.2,1.8,19.1
2022-08-02,28.0,21.8,1.0,17.1
2022-08-03,29.1,22.0,4.0,16.5
2022-08-04,29.0,21.9,18.9,14.8
2022-08-05,27.5,22.0,27.5,11.8
2022-08-06,27.2,22.0,9.6,21.0
2022-08-07,26.8,22.4,23.9,20.0
2022-08-08,25.4,22.2,14.3,23.4
2022-08-09,25.0,22.5,17.1,25.6
2022-08-10,25.6,22.1,10.8,31.7
2022-08-11,25.7,22.4,7.2,34.5
2022-08-12,25.7,22.2,5.7,34.4
2022-08-13,26.0,22.2,5.5,30.9
2022-08-14,26.3,22.2,2.3,29.2
2022-08-15,26.0,21.8,8.6,25.5
2022-08-16,24.8,21.8,10.8,27.8
2022-08-17,26.0,21.7,4.7,28.0
2022-08-18,26.5,21.8,2.6,27.9
2022-08-19,26.5,21.2,1.8,25.7
2022-08-20,26.5,21.8,1.1,26.4
2022-08-21,26.3,21.6,1.3,25.6
2022-08-22,25.7,22.1,2.4,31.0
2022-08-23,26.2,22.1,1.6,27.3
2022-08-24,26.4,21.5,2.0,23.8
2022-08-25,27.4,21.0,3.2,17.6
2022-08-26,27.7,20.9,1.2,18.5
2022-08-27,27.9,20.6,1.3,18.8
2022-08-28,28.3,19.9,0.5,16.0
2022-08-29,28.9,20.4,0.6,14.1
2022-08-30,29.7,20.5,9.3,11.7
2022-08-31,29.9,21.5,27.3,15.8
2022-09-01,28.4,21.3,4.4,12.2
2022-09-02,29.9,20.5,0.8,13.3
2022-09-03,30.4,20.9,3.7,13.7
2022-09-04,28.3,22.2,13.1,15.5
2022-09-05,25.8,22.1,1.0,10.7
2022-09-06,27.4,21.4,14.0,13.9
2022-09-07,28.8,21.0,10.3,12.1
2022-09-08,27.4,21.5,18.3,9.4
2022-09-09,28.3,21.6,16.4,13.6
2022-09-10,27.5,20.6,16.7,13.1
2022-09-11,29.4,21.6,8.0,11.5
2022-09-12,27.4,21.6,13.0,14.8
2022-09-13,25.2,22.4,15.1,23.9
2022-09-14,26.5,22.3,4.0,26.8
2022-09-15,26.3,22.0,4.5,33.5
2022-09-16,25.3,21.6,2.6,27.3
2022-09-17,26.8,21.2,3.9,20.3
2022-09-18,26.7,21.1,4.8,19.0
2022-09-19,25.3,20.4,1.1,21.6
2022-09-20,23.8,20.7,3.6,16.2
2022-09-21,26.1,20.1,4.2,17.3
2022-09-22,24.5,19.8,2.4,19.6
2022-09-23,26.7,19.8,0.9,20.2
2022-09-24,26.0,20.7,1.3,17.9
2022-09-25,27.0,20.7,1.7,15.5
2022-09-26,27.2,20.4,2.2,13.1
2022-09-27,27.1,19.7,1.7,13.4
2022-09-28,27.9,19.9,1.3,16.0
2022-09-29,28.0,20.7,6.8,14.6
2022-09-30,28.9,20.5,9.8,20.6
2022-10-01,28.9,21.0,3.1,21.1
2022-10-02,28.0,20.7,1.1,14.4
2022-10-03,27.8,20.3,0.4,11.5
2022-10-04,29.1,20.1,0.6,12.8
2022-10-05,29.1,20.5,0.4,15.7
2022-10-06,28.4,20.9,18.0,16.9
2022-10-07,26.5,21.2,11.0,17.7
2022-10-08,26.2,20.8,2.4,20.9
2022-10-09,29.6,19.9,0.0,13.7
2022-10-10,28.3,20.3,6.5,9.8
2022-10-11,28.7,21.0,4.6,9.6
2022-10-12,27.5,20.9,23.0,10.8
2022-10-13,27.7,20.4,7.4,15.1
2022-10-14,27.5,20.7,19.7,17.7
2022-10-15,27.9,19.9,0.1,18.4
2022-10-16,27.8,19.8,14.3,16.5
2022-10-17,28.2,20.7,20.1,15.3
2022-10-18,27.5,20.1,12.6,7.6
2022-10-19,27.5,20.6,3.4,10.8
2022-10-20,27.5,20.1,1.4,11.1
2022-10-21,26.7,19.9,1.9,14.1
2022-10-22,27.5,19.7,0.0,16.1
2022-10-23,27.0,16.7,0.0,13.6
2022-10-24,27.4,14.8,0.0,10.4
2022-10-25,27.7,14.8,0.0,8.9
2022-10-26,27.0,16.6,0.0,11.7
2022-10-27,26.8,17.4,0.0,14.5
2022-10-28,26.6,15.1,0.0,17.5
2022-10-29,27.3,14.4,0.0,16.6
2022-10-30,27.3,14.3,0.0,17.3
2022-10-31,26.9,16.9,0.0,13.6
2022-11-01,27.0,14.3,0.0,14.2
2022-11-02,28.3,17.1,0.0,13.8
2022-11-03,28.9,16.9,0.0,17.3
2022-11-04,28.8,14.9,0.0,15.5
2022-11-05,28.9,15.9,0.0,12.4
2022-11-06,29.2,16.7,0.0,12.4
2022-11-07,29.1,16.9,0.0,9.2
2022-11-08,29.4,17.4,0.0,11.1
2022-11-09,29.2,18.2,0.0,12.1
2022-11-10,28.7,14.4,0.0,19.6
2022-11-11,29.0,16.0,0.0,21.3
2022-11-12,28.8,16.4,0.0,18.4
2022-11-13,28.9,16.3,0.0,15.5
2022-11-14,29.9,17.8,0.0,11.8
2022-11-15,29.4,17.8,0.0,7.6
2022-11-16,28.1,16.0,0.0,9.5
2022-11-17,28.3,16.9,0.0,12.9
2022-11-18,27.5,14.4,0.0,13.9
2022-11-19,26.5,14.2,0.0,12.6
2022-11-20,25.9,12.6,0.0,13.8
2022-11-21,26.2,14.0,0.0,10.9
2022-11-22,28.2,15.5,0.0,9.4
2022-11-23,29.0,16.8,0.0,12.6
2022-11-24,29.6,17.3,0.0,11.5
2022-11-25,29.8,17.8,0.0,9.3
2022-11-26,29.7,19.1,0.0,10.9
2022-11-27,29.6,19.5,0.0,9.0
2022-11-28,29.5,17.7,0.0,12.1
2022-11-29,30.1,17.1,0.0,11.2
2022-11-30,29.0,15.8,0.0,9.7
2022-12-01,28.4,15.6,0.0,9.7
2022-12-02,29.7,15.2,0.0,11.9
2022-12-03,30.2,17.9,0.0,8.2
2022-12-04,29.5,18.7,0.5,10.4
2022-12-05,29.3,19.4,0.0,10.0
2022-12-06,29.6,18.7,0.0,11.8
2022-12-07,29.6,16.1,0.0,10.4
2022-12-08,28.6,15.7,0.0,11.5
2022-12-09,27.2,11.6,0.0,15.8
2022-12-10,28.3,12.1,0.0,10.0
2022-12-11,29.0,15.6,0.0,11.3
2022-12-12,28.0,19.1,0.1,17.0
2022-12-13,27.6,19.8,0.0,22.2
2022-12-14,29.3,19.9,0.0,18.4
2022-12-15,29.0,19.4,0.3,14.0
2022-12-16,30.6,19.0,0.0,9.9
2022-12-17,29.6,18.9,0.0,12.7
2022-12-18,30.1,19.1,0.0,11.6
2022-12-19,29.1,17.1,0.0,10.1
2022-12-20,29.6,14.8,0.0,10.8
2022-12-21,30.3,15.0,0.0,8.4
2022-12-22,30.2,15.5,0.0,7.8
2022-12-23,30.2,15.7,0.0,11.1
2022-12-24,30.0,14.7,0.0,10.9
2022-12-25,29.8,12.9,0.0,12.1
2022-12-26,29.8,14.5,0.0,11.1
2022-12-27,30.4,17.3,0.0,8.3
2022-12-28,30.5,16.5,0.0,13.4
2022-12-29,30.1,15.8,0.0,10.2
2022-12-30,30.0,17.3,0.0,9.4
2022-12-31,29.9,16.7,0.0,13.8
2023-01-01,29.9,14.2,0.0,9.3
2023-01-02,29.8,14.5,0.0,8.4
2023-01-03,29.9,16.8,0.0,12.7
2023-01-04,29.4,15.3,0.0,8.7
2023-01-05,29.3,16.4,0.0,12.9
2023-01-06,28.5,17.2,0.0,17.4
2023-01-07,27.8,17.4,0.0,15.8
2023-01-08,27.2,16.1,0.0,10.4
2023-01-09,27.2,14.9,0.0,10.0
2023-01-10,28.2,14.3,0.0,10.7
2023-01-11,29.6,12.5,0.0,11.8
2023-01-12,29.3,15.1,0.0,12.7
2023-01-13,28.6,13.6,0.0,12.7
2023-01-14,29.7,12.5,0.0,14.2
2023-01-15,30.4,14.5,0.0,12.4
2023-01-16,30.6,12.7,0.0,15.8
2023-01-17,30.4,12.8,0.0,10.8
2023-01-18,30.2,16.2,0.0,10.9
2023-01-19,30.6,16.0,0.0,13.4
2023-01-20,30.2,15.4,0.0,11.9
2023-01-21,29.4,15.3,0.0,11.7
2023-01-22,29.6,14.5,0.0,15.9
2023-01-23,29.5,13.8,0.0,12.1
2023-01-24,30.2,14.8,0.0,16.4
2023-01-25,29.5,14.5,0.2,13.8
2023-01-26,29.5,17.0,0.5,12.9
2023-01-27,31.0,17.2,0.0,14.6
2023-01-28,30.9,15.9,0.0,16.2
2023-01-29,30.9,14.9,0.0,15.9
2023-01-30,30.3,17.8,0.0,9.3
2023-01-31,29.8,17.1,0.0,15.6
2023-02-01,28.8,17.5,0.1,16.7
2023-02-02,29.8,16.6,0.0,16.9
2023-02-03,29.5,15.5,0.0,13.0
2023-02-04,30.8,14.1,0.0,8.8
2023-02-05,31.3,16.9,0.0,8.0
2023-02-06,32.3,14.6,0.0,14.8
2023-02-07,31.6,16.0,0.0,10.0
2023-02-08,32.2,16.4,0.0,10.1
2023-02-09,33.1,15.9,0.0,10.1
2023-02-10,33.4,18.5,0.0,8.5
2023-02-11,33.6,18.1,0.0,12.7
2023-02-12,33.5,18.0,0.0,13.9
2023-02-13,32.3,14.6,0.0,15.5
2023-02-14,32.2,15.6,0.0,11.4
2023-02-15,33.0,16.5,0.0,12.4
2023-02-16,34.4,17.7,0.0,19.1
2023-02-17,34.3,17.7,0.0,15.1
2023-02-18,33.6,18.9,0.0,13.1
2023-02-19,33.2,16.0,0.0,15.5
2023-02-20,34.3,17.6,0.0,13.2
2023-02-21,34.5,17.1,0.0,11.2
2023-02-22,34.5,19.7,0.0,10.3
2023-02-23,34.6,20.2,0.0,11.4
2023-02-24,34.2,17.7,0.0,12.5
2023-02-25,34.0,18.8,0.0,11.5
2023-02-26,34.2,18.2,0.0,10.5
2023-02-27,34.8,20.1,0.0,19.1
2023-02-28,34.3,17.9,0.0,12.3
2023-03-01,34.0,17.0,0.0,18.4
2023-03-02,34.1,19.9,0.0,14.9
2023-03-03,34.5,19.6,0.0,18.6
2023-03-04,35.5,21.2,0.0,13.6
2023-03-05,35.8,21.2,0.0,11.5
2023-03-06,34.1,20.2,1.7,18.6
2023-03-07,29.2,17.2,0.3,15.3
2023-03-08,32.2,17.2,0.0,13.5
2023-03-09,32.5,19.3,0.0,14.4
2023-03-10,33.2,19.2,0.0,12.9
2023-03-11,33.8,19.5,0.0,16.2
2023-03-12,34.3,20.5,0.0,16.9
2023-03-13,34.5,21.6,0.0,15.0
2023-03-14,34.9,20.2,0.0,18.3
2023-03-15,32.4,20.2,0.0,16.9
2023-03-16,31.8,18.8,9.2,14.3
2023-03-17,30.9,18.4,0.1,18.7
2023-03-18,30.7,18.0,0.0,16.9
2023-03-19,30.9,17.5,0.0,21.3
2023-03-20,30.0,17.2,0.0,18.5
2023-03-21,30.1,16.6,1.0,18.0
2023-03-22,30.2,17.1,0.0,18.1
2023-03-23,31.2,17.5,0.0,18.2
2023-03-24,33.1,17.3,0.0,19.3
2023-03-25,33.5,17.2,0.0,18.3
2023-03-26,32.9,16.0,0.0,17.6
2023-03-27,33.3,16.0,0.0,15.5
2023-03-28,33.7,16.6,0.0,15.1
2023-03-29,34.9,17.7,0.0,19.4
2023-03-30,32.4,17.0,0.0,18.6
2023-03-31,30.8,18.7,0.0,18.9
2023-04-01,33.2,17.2,0.0,16.8
2023-04-02,33.4,17.3,0.0,19.0
2023-04-03,34.1,16.9,0.0,17.9
2023-04-04,35.6,19.0,0.0,22.0
2023-04-05,35.7,19.7,0.0,19.8
2023-04-06,35.6,22.2,0.0,16.5
2023-04-07,35.6,22.2,3.7,18.0
2023-04-08,32.4,20.5,1.3,21.9
2023-04-09,35.2,21.9,7.6,19.6
2023-04-10,34.5,21.9,0.0,14.3
2023-04-11,36.3,22.1,0.0,21.1
2023-04-12,35.8,22.4,0.0,12.3
2023-04-13,37.1,24.0,0.6,15.4
2023-04-14,36.3,23.2,0.0,15.5
2023-04-15,35.5,23.3,0.0,30.4
2023-04-16,36.4,21.1,0.2,26.2
2023-04-17,36.4,22.6,0.5,15.8
2023-04-18,36.8,22.2,0.0,25.1
2023-04-19,38.2,24.0,0.1,14.3
2023-04-20,36.9,22.5,0.0,21.7
2023-04-21,35.5,20.7,0.0,20.7
2023-04-22,34.3,20.5,0.0,20.9
2023-04-23,34.8,19.0,0.0,18.4
2023-04-24,36.9,20.6,0.0,18.5
2023-04-25,37.2,22.1,0.0,27.7
2023-04-26,33.9,20.5,0.0,20.9
2023-04-27,34.3,21.4,0.2,16.7
2023-04-28,33.9,22.6,0.3,21.6
2023-04-29,33.6,21.0,0.1,19.5
2023-04-30,34.3,21.0,0.0,24.6
2023-05-01,33.4,19.8,0.0,21.4
2023-05-02,32.8,20.3,0.3,16.6
2023-05-03,31.7,20.5,0.6,15.5
2023-05-04,33.5,20.1,0.0,15.2
2023-05-05,34.6,21.0,0.0,20.8
2023-05-06,34.5,21.3,0.1,19.8
2023-05-07,33.4,23.1,1.4,15.2
2023-05-08,34.1,22.9,2.8,19.6
2023-05-09,36.4,23.3,1.3,16.3
2023-05-10,38.5,24.6,0.0,18.2
2023-05-11,40.5,23.8,0.0,22.4
2023-05-12,39.4,23.8,0.0,22.9
2023-05-13,36.4,23.9,0.0,21.7
2023-05-14,36.1,23.0,0.0,23.2
2023-05-15,35.6,22.0,0.0,20.5
2023-05-16,35.5,21.4,0.0,20.6
2023-05-17,37.3,21.5,0.0,21.2
2023-05-18,38.1,22.5,0.0,21.3
2023-05-19,38.6,22.8,0.0,24.0
2023-05-20,36.8,22.2,0.0,19.1
2023-05-21,36.4,21.7,0.0,19.2
2023-05-22,37.4,22.4,0.0,21.2
2023-05-23,39.1,22.9,0.0,26.7
2023-05-24,36.9,23.1,0.0,20.2
2023-05-25,34.8,22.9,0.0,22.4
2023-05-26,33.8,23.2,0.1,22.3
2023-05-27,34.3,21.6,0.0,19.2
2023-05-28,36.1,22.0,0.0,19.4
2023-05-29,38.5,22.1,0.1,20.9
2023-05-30,38.3,22.6,0.0,22.3
2023-05-31,39.5,23.6,0.0,21.6
2023-06-01,38.9,24.2,0.0,24.5
2023-06-02,35.4,22.8,0.0,19.7
2023-06-03,35.9,23.1,0.7,18.7
2023-06-04,33.1,23.7,1.8,20.6
2023-06-05,34.3,22.6,0.5,19.9
2023-06-06,35.6,22.4,0.0,17.4
2023-06-07,35.9,23.2,0.0,20.0
2023-06-08,35.8,23.5,0.1,19.0
2023-06-09,36.1,24.0,0.0,21.1
2023-06-10,34.5,24.3,2.0,24.5
2023-06-11,34.5,23.9,1.3,24.5
2023-06-12,34.0,23.3,0.6,28.0
2023-06-13,31.6,23.9,0.8,27.6
2023-06-14,32.0,23.8,2.5,26.8
2023-06-15,32.8,23.6,0.1,25.8
2023-06-16,31.3,23.3,0.4,31.4
2023-06-17,32.1,24.0,0.1,26.6
2023-06-18,32.7,23.6,0.5,25.9
2023-06-19,33.1,23.2,0.0,23.0
2023-06-20,33.1,23.0,0.0,22.7
2023-06-21,33.6,22.7,1.4,22.7
2023-06-22,33.5,23.2,0.9,21.6
2023-06-23,32.2,23.4,2.2,20.9
2023-06-24,32.2,23.2,6.5,21.3
2023-06-25,27.8,22.2,2.8,24.5
2023-06-26,25.7,22.5,3.8,23.4
2023-06-27,28.4,22.5,2.0,22.4
2023-06-28,28.5,22.6,10.5,26.6
2023-06-29,25.7,22.7,15.5,22.5
2023-06-30,26.7,22.3,23.5,30.2
2023-07-01,27.0,22.4,5.1,26.8
2023-07-02,28.1,22.7,4.3,24.1
2023-07-03,29.0,22.5,4.1,18.6
2023-07-04,29.3,22.8,4.9,19.9
2023-07-05,30.0,22.7,11.0,16.6
2023-07-06,26.2,22.7,5.4,29.3
2023-07-07,26.9,22.9,25.6,26.9
2023-07-08,27.4,22.8,20.6,30.3
2023-07-09,27.3,23.0,3.5,28.7
2023-07-10,27.1,22.7,1.3,25.1
2023-07-11,28.3,22.7,0.7,22.7
2023-07-12,26.1,22.6,9.8,18.8
2023-07-13,28.0,22.0,3.8,21.4
2023-07-14,27.8,22.5,24.6,23.2
2023-07-15,27.1,22.6,1.4,26.0
2023-07-16,27.8,22.3,4.5,23.9
2023-07-17,26.7,22.1,2.7,25.8
2023-07-18,25.1,22.6,13.3,32.8
2023-07-19,25.3,22.6,35.3,28.5
2023-07-20,26.5,22.7,3.5,32.3
2023-07-21,26.4,22.7,13.3,25.3
2023-07-22,27.2,22.7,11.5,29.2
2023-07-23,25.9,22.6,8.4,28.7
2023-07-24,26.3,22.8,11.5,28.7
2023-07-25,25.4,22.6,13.1,23.8
2023-07-26,25.7,22.3,22.4,24.8
2023-07-27,24.7,22.0,23.5,26.4
2023-07-28,25.9,22.1,7.6,28.4
2023-07-29,25.0,21.9,1.6,26.4
2023-07-30,26.7,22.3,3.4,27.9
2023-07-31,27.2,22.7,2.4,27.1
2023-08-01,26.8,22.8,2.1,30.5
2023-08-02,26.6,22.3,1.0,30.6
2023-08-03,26.2,22.7,1.9,34.2
2023-08-04,27.2,22.5,1.4,30.7
2023-08-05,26.9,22.6,2.5,28.4
2023-08-06,27.1,22.5,0.9,29.8
2023-08-07,27.7,22.4,0.3,29.9
2023-08-08,27.8,22.5,1.0,26.3
2023-08-09,27.9,22.1,1.3,24.1
2023-08-10,27.7,22.2,2.0,23.1
2023-08-11,28.2,21.2,1.2,19.7
2023-08-12,28.1,21.2,1.3,24.5
2023-08-13,27.1,21.7,1.6,25.3
2023-08-14,28.1,22.2,0.9,23.6
2023-08-15,27.9,21.6,0.8,22.3
2023-08-16,28.8,21.5,0.7,23.1
2023-08-17,27.7,21.3,0.1,24.6
2023-08-18,28.8,21.7,0.0,23.6
2023-08-19,28.3,22.1,1.0,24.6
2023-08-20,26.9,22.0,1.6,23.9
2023-08-21,28.2,21.4,1.1,23.3
2023-08-22,28.5,21.1,3.8,22.7
2023-08-23,28.3,20.9,0.2,22.9
2023-08-24,28.5,21.8,1.3,24.3
2023-08-25,28.4,22.5,2.0,22.8
2023-08-26,28.3,22.2,1.4,25.3
2023-08-27,28.1,22.0,2.4,24.5
2023-08-28,28.6,21.6,2.1,22.8
2023-08-29,28.9,21.6,1.3,17.9
2023-08-30,30.4,20.4,0.0,15.2
2023-08-31,30.3,21.3,1.1,14.8
2023-09-01,32.1,21.7,5.0,14.0
2023-09-02,30.1,22.2,2.5,16.2
2023-09-03,29.6,21.6,9.4,15.1
2023-09-04,29.6,21.5,0.9,17.5
2023-09-05,29.7,20.5,0.3,16.9
2023-09-06,29.2,21.0,0.9,21.5
2023-09-07,27.8,22.1,3.4,26.0
2023-09-08,27.5,22.1,24.2,26.7
2023-09-09,27.2,22.7,7.5,25.1
2023-09-10,27.8,22.2,1.1,25.2
2023-09-11,28.1,22.0,1.2,24.2
2023-09-12,28.6,21.0,3.3,22.0
2023-09-13,28.4,21.5,1.1,20.5
2023-09-14,28.9,21.5,0.8,20.2
2023-09-15,28.6,20.8,0.4,21.3
2023-09-16,26.4,22.5,0.0,26.9
2023-09-17,26.8,22.5,2.3,27.6
2023-09-18,28.0,21.8,3.0,25.8
2023-09-19,28.3,22.2,1.6,22.9
2023-09-20,28.9,23.0,2.3,20.6
2023-09-21,29.8,23.3,18.5,14.5
2023-09-22,27.4,22.8,33.4,14.5
2023-09-23,27.5,22.3,32.1,12.3
2023-09-24,27.6,21.5,7.9,14.5
2023-09-25,28.7,21.5,5.8,14.3
2023-09-26,29.3,21.6,14.5,13.3
2023-09-27,27.9,21.4,33.6,9.8
2023-09-28,28.9,21.7,11.2,14.0
2023-09-29,29.4,21.1,19.9,14.8
2023-09-30,28.7,21.4,9.6,16.4
2023-10-01,27.7,21.3,14.1,20.6
2023-10-02,27.7,21.5,0.0,17.3
2023-10-03,29.8,20.8,0.2,13.4
2023-10-04,29.7,21.4,0.0,13.1
2023-10-05,30.0,20.4,0.0,9.0
2023-10-06,29.8,20.2,0.0,9.8
2023-10-07,30.5,20.8,0.0,8.8
2023-10-08,30.7,20.4,0.0,8.2
2023-10-09,30.8,20.4,0.0,6.5
2023-10-10,31.3,20.3,0.0,9.7
2023-10-11,30.1,20.6,0.0,10.9
2023-10-12,31.1,21.2,0.5,10.3
2023-10-13,31.9,20.3,0.0,12.7
2023-10-14,31.5,20.2,0.0,12.1
2023-10-15,30.8,20.7,0.0,7.9
2023-10-16,31.0,21.3,0.5,12.6
2023-10-17,30.9,20.5,0.2,8.4
2023-10-18,30.7,21.3,0.0,12.7
2023-10-19,30.8,21.1,1.0,13.7
2023-10-20,30.3,21.1,1.9,12.0
2023-10-21,30.5,21.0,0.5,11.3
2023-10-22,31.7,22.1,0.0,14.8
2023-10-23,31.5,19.2,0.0,10.2
2023-10-24,31.2,21.5,0.0,10.3
2023-10-25,31.0,20.8,0.0,11.0
2023-10-26,30.0,19.4,0.0,14.0
2023-10-27,30.2,18.5,0.0,15.1
2023-10-28,30.1,18.7,0.0,10.9
2023-10-29,30.6,17.4,0.0,14.4
2023-10-30,31.0,19.7,0.0,13.6
2023-10-31,30.5,18.9,0.0,14.3
2023-11-01,30.4,18.0,0.0,11.3
2023-11-02,30.4,19.4,0.0,11.1
2023-11-03,31.0,19.8,0.0,12.0
2023-11-04,30.8,19.9,0.0,14.8
2023-11-05,31.4,19.2,0.0,13.7
2023-11-06,31.3,19.3,0.0,15.1
2023-11-07,31.0,19.4,0.0,15.5
2023-11-08,30.0,21.3,1.6,16.7
2023-11-09,30.4,19.5,9.5,15.0
2023-11-10,29.8,19.9,2.5,13.7
2023-11-11,30.8,19.2,0.0,14.1
2023-11-12,31.1,19.1,0.0,13.4
2023-11-13,30.4,19.3,0.0,7.7
2023-11-14,30.0,19.5,0.0,10.4
2023-11-15,29.2,16.7,0.0,10.1
2023-11-16,29.3,17.4,0.0,9.8
2023-11-17,29.3,17.7,0.0,11.3
2023-11-18,30.3,16.7,0.0,10.0
2023-11-19,31.3,17.3,0.0,8.7
2023-11-20,30.8,19.6,0.0,12.8
2023-11-21,29.8,18.8,0.0,14.3
2023-11-22,29.7,18.4,0.0,10.5
2023-11-23,30.4,18.4,0.0,9.5
2023-11-24,30.8,18.6,0.4,14.6
2023-11-25,29.6,18.3,1.9,14.3
2023-11-26,30.2,19.6,25.0,16.6
2023-11-27,28.1,18.9,2.4,14.3
2023-11-28,28.6,19.0,0.3,11.8
2023-11-29,28.8,18.6,0.3,8.7
2023-11-30,29.3,17.6,0.3,13.3
2023-12-01,29.3,17.0,0.3,8.3
2023-12-02,30.3,18.3,0.3,16.3
2023-12-03,29.9,18.5,0.0,14.9
2023-12-04,30.5,18.5,0.0,13.7
2023-12-05,29.9,18.0,0.0,10.2
2023-12-06,28.1,18.8,0.5,10.8
2023-12-07,27.5,17.4,0.5,8.7
2023-12-08,28.3,17.4,0.3,8.6
2023-12-09,29.1,17.1,0.0,10.5
2023-12-10,29.3,16.8,0.0,11.0
2023-12-11,29.4,17.8,0.0,9.5
2023-12-12,29.3,16.7,0.0,10.5
2023-12-13,29.0,15.6,0.0,13.1
2023-12-14,28.0,16.0,0.0,13.3
2023-12-15,27.3,15.7,0.0,14.0
2023-12-16,27.4,15.5,0.0,13.0
2023-12-17,27.4,15.3,0.0,14.5
2023-12-18,27.0,16.9,0.0,19.4
2023-12-19,26.3,17.5,0.0,16.6
2023-12-20,27.2,14.1,0.0,14.8
2023-12-21,29.3,15.6,0.0,10.6
2023-12-22,29.6,15.9,0.0,9.2
2023-12-23,29.4,14.3,0.0,12.1
2023-12-24,29.1,16.3,0.0,12.3
2023-12-25,29.6,14.9,0.0,11.2
2023-12-26,30.6,16.8,0.0,10.6
2023-12-27,30.1,16.6,0.0,12.1
2023-12-28,30.0,15.8,0.0,11.3
2023-12-29,29.8,16.8,0.0,11.5
2023-12-30,29.6,14.3,0.0,10.0
2023-12-31,30.1,16.4,0.0,11.1
2024-01-01,29.5,16.5,0.0,10.1
2024-01-02,30.0,15.9,0.0,10.6
2024-01-03,29.8,16.6,0.0,7.6
2024-01-04,30.0,15.9,0.0,13.0
2024-01-05,29.6,13.9,0.0,13.2
2024-01-06,29.2,16.0,0.0,10.2
2024-01-07,29.5,17.2,0.8,13.0
2024-01-08,29.7,17.4,0.2,15.4
2024-01-09,28.2,18.1,1.0,16.3
2024-01-10,28.4,16.7,3.1,9.8
2024-01-11,28.7,16.9,0.0,10.4
2024-01-12,29.3,17.6,0.0,11.6
2024-01-13,29.7,17.7,0.0,11.2
2024-01-14,29.9,16.7,0.0,14.5
2024-01-15,28.4,14.1,0.0,13.4
2024-01-16,29.5,12.1,0.0,13.2
2024-01-17,28.9,13.2,0.0,16.6
2024-01-18,27.4,14.0,0.0,12.3
2024-01-19,28.8,13.0,0.0,13.8
2024-01-20,28.8,15.7,0.0,17.3
2024-01-21,28.5,15.9,0.0,10.6
2024-01-22,29.9,13.7,0.0,16.1
2024-01-23,27.4,15.4,0.0,11.0
2024-01-24,27.0,14.2,0.0,10.5
2024-01-25,27.4,13.5,0.0,10.9
2024-01-26,29.9,13.0,0.0,11.3
2024-01-27,29.9,16.3,0.0,11.5
2024-01-28,31.2,15.0,0.0,14.5
2024-01-29,30.7,15.8,0.0,8.7
2024-01-30,30.6,16.7,0.0,13.4
2024-01-31,31.4,15.5,0.0,18.1
2024-02-01,28.5,14.1,0.0,16.3
2024-02-02,28.8,15.3,0.0,10.9
2024-02-03,31.1,15.3,0.0,14.9
2024-02-04,33.1,16.7,0.0,8.8
2024-02-05,33.6,18.3,0.0,15.0
2024-02-06,34.6,18.0,0.0,18.5
2024-02-07,33.8,18.8,0.0,16.8
2024-02-08,32.9,17.1,0.0,10.0
2024-02-09,33.7,14.5,0.0,18.2
2024-02-10,34.2,14.5,0.0,20.3
2024-02-11,32.9,14.5,0.0,18.7
2024-02-12,33.1,15.6,0.0,18.4
2024-02-13,33.8,16.6,0.0,18.4
2024-02-14,32.7,15.5,0.0,9.8
2024-02-15,33.6,17.6,0.0,11.4
2024-02-16,35.2,18.8,0.0,12.9
2024-02-17,33.9,17.6,0.0,9.3
2024-02-18,34.6,17.8,0.0,15.6
2024-02-19,33.9,18.6,0.0,17.1
2024-02-20,33.7,17.8,0.0,21.5
2024-02-21,31.5,17.5,0.0,18.9
2024-02-22,30.5,16.2,0.0,18.7
2024-02-23,31.2,15.0,0.0,11.6
2024-02-24,33.0,14.6,0.0,18.0
2024-02-25,33.2,18.0,0.0,12.1
2024-02-26,34.9,16.6,0.0,16.6
2024-02-27,35.1,20.9,0.0,22.0
2024-02-28,33.6,22.0,0.0,11.9
2024-02-29,35.1,21.4,0.0,17.1
2024-03-01,35.8,20.9,0.0,15.5
2024-03-02,34.5,20.8,0.0,24.5
2024-03-03,31.1,18.6,0.0,22.2
2024-03-04,32.4,15.2,0.0,18.7
2024-03-05,34.6,14.5,0.0,19.5
2024-03-06,34.9,16.7,0.0,22.7
2024-03-07,34.7,14.4,0.0,17.8
2024-03-08,35.5,20.1,0.0,20.8
2024-03-09,35.2,18.5,0.0,15.3
2024-03-10,36.5,17.7,0.0,19.5
2024-03-11,36.0,19.9,0.0,18.8
2024-03-12,37.2,20.6,0.0,20.5
2024-03-13,35.4,19.9,0.0,18.1
2024-03-14,35.2,17.3,0.0,17.8
2024-03-15,35.1,18.0,0.0,20.5
2024-03-16,35.6,17.7,0.0,20.7
2024-03-17,36.2,18.8,0.0,23.9
2024-03-18,35.1,20.4,0.0,21.5
2024-03-19,34.9,19.7,0.0,17.4
2024-03-20,35.5,20.6,0.0,16.6
2024-03-21,36.3,19.2,0.0,13.1
2024-03-22,36.4,19.9,0.0,20.8
2024-03-23,36.6,19.9,0.0,22.2
2024-03-24,37.6,22.0,0.0,18.5
2024-03-25,37.8,22.8,0.0,15.8
2024-03-26,38.3,21.7,0.0,16.9
2024-03-27,39.5,22.2,0.0,20.9
2024-03-28,38.7,23.6,0.0,22.7
2024-03-29,38.9,23.8,0.1,21.1
2024-03-30,38.2,23.8,0.0,20.9
2024-03-31,38.4,24.5,0.0,21.7
2024-04-01,39.0,24.9,0.0,21.1
2024-04-02,39.1,21.8,0.0,21.7
2024-04-03,39.1,21.8,0.0,23.1
2024-04-04,39.2,23.1,0.0,21.3
2024-04-05,39.9,22.7,0.0,22.9
2024-04-06,39.4,23.5,0.0,25.8
2024-04-07,38.2,23.4,0.0,25.8
2024-04-08,38.0,20.5,0.0,17.7
2024-04-09,38.8,20.9,0.0,22.0
2024-04-10,38.8,21.5,0.0,22.0
2024-04-11,39.1,22.8,0.0,23.8
2024-04-12,38.3,22.6,0.0,23.6
2024-04-13,37.9,20.8,0.0,20.9
2024-04-14,39.2,19.7,0.0,24.0
2024-04-15,40.4,23.2,0.1,20.2
2024-04-16,39.5,27.3,0.0,14.8
2024-04-17,40.7,27.4,0.3,22.5
2024-04-18,40.3,25.5,0.1,18.8
2024-04-19,40.2,25.8,0.0,24.6
2024-04-20,38.9,25.4,0.0,19.3
2024-04-21,38.2,23.8,0.0,19.7
2024-04-22,38.8,24.0,0.0,19.5
2024-04-23,39.4,23.5,0.0,23.3
2024-04-24,39.4,23.8,0.0,11.3
2024-04-25,39.2,24.8,3.0,17.0
2024-04-26,39.4,25.3,0.1,24.2
2024-04-27,40.3,25.4,0.0,14.4
2024-04-28,41.0,25.5,0.0,22.2
2024-04-29,40.8,25.6,0.0,21.4
2024-04-30,40.9,24.8,0.0,20.0
2024-05-01,38.3,25.2,0.0,24.3
2024-05-02,38.8,22.6,0.0,18.7
2024-05-03,39.8,20.4,0.0,18.6
2024-05-04,39.0,21.6,0.0,16.7
2024-05-05,39.2,23.4,0.0,23.0
2024-05-06,37.9,23.4,0.0,21.5
2024-05-07,37.4,21.7,0.0,23.6
2024-05-08,38.6,21.2,0.0,26.2
2024-05-09,36.5,22.6,0.4,22.8
2024-05-10,36.9,23.7,11.8,17.1
2024-05-11,36.4,23.8,0.2,25.4
2024-05-12,36.1,24.1,2.1,16.1
2024-05-13,34.8,24.1,7.0,24.0
2024-05-14,37.7,24.0,0.0,17.6
2024-05-15,38.3,23.0,0.0,19.1
2024-05-16,39.1,24.0,4.4,14.0
2024-05-17,37.7,23.4,2.0,23.1
2024-05-18,38.7,23.0,0.3,19.1
2024-05-19,38.9,24.9,0.3,20.8
2024-05-20,40.5,25.6,0.8,24.5
2024-05-21,41.7,24.5,0.0,21.8
2024-05-22,39.9,25.2,0.4,20.4
2024-05-23,38.8,25.4,2.7,20.9
2024-05-24,35.9,24.7,0.3,26.4
2024-05-25,34.1,23.6,0.0,27.4
2024-05-26,34.3,24.4,0.0,26.9
2024-05-27,32.7,24.8,0.0,27.8
2024-05-28,34.1,24.2,0.0,31.8
2024-05-29,34.4,23.5,0.0,28.1
2024-05-30,36.2,23.3,0.0,23.1
2024-05-31,35.8,24.1,0.0,21.7
2024-06-01,35.9,24.0,0.1,20.2
2024-06-02,36.2,24.6,0.0,18.8
2024-06-03,37.4,24.2,2.1,19.4
2024-06-04,31.4,24.1,21.0,16.5
2024-06-05,33.2,24.4,7.9,23.9
2024-06-06,33.6,23.6,6.1,17.5
2024-06-07,33.9,23.3,13.8,19.2
2024-06-08,32.3,23.5,9.3,17.3
2024-06-09,27.0,23.1,2.8,16.1
2024-06-10,27.7,22.1,17.1,18.2
2024-06-11,27.9,22.7,21.9,19.9
2024-06-12,28.8,22.9,9.5,18.4
2024-06-13,28.8,23.2,9.1,19.8
2024-06-14,28.9,22.9,1.2,20.6
2024-06-15,29.3,23.0,3.4,16.0
2024-06-16,30.5,22.6,8.7,15.9
2024-06-17,30.6,22.8,5.9,17.1
2024-06-18,29.6,23.2,19.5,23.2
2024-06-19,27.8,23.1,1.8,23.2
2024-06-20,29.0,23.2,3.4,23.7
2024-06-21,29.4,23.4,0.6,23.8
2024-06-22,29.8,22.8,0.5,20.5
2024-06-23,30.3,23.2,2.5,15.5
2024-06-24,30.8,23.2,5.4,16.2
2024-06-25,29.4,23.9,4.0,22.3
2024-06-26,29.7,23.7,5.3,26.7
2024-06-27,27.6,23.4,2.2,28.4
2024-06-28,27.8,23.6,11.5,28.8
2024-06-29,28.4,23.1,1.7,27.6
2024-06-30,27.9,23.4,4.7,26.1
2024-07-01,27.2,22.5,4.9,32.1
2024-07-02,27.4,22.5,11.4,27.2
2024-07-03,27.5,22.9,0.7,25.8
2024-07-04,26.8,23.4,1.0,22.9
2024-07-05,28.1,23.3,4.5,27.7
2024-07-06,27.7,23.0,4.3,30.8
2024-07-07,26.0,22.9,6.4,19.9
2024-07-08,27.1,22.7,63.8,19.2
2024-07-09,27.7,22.2,17.1,17.2
2024-07-10,28.2,22.6,0.7,21.6
2024-07-11,26.9,22.6,12.0,23.1
2024-07-12,26.2,22.9,22.2,24.0
2024-07-13,26.5,22.7,17.9,27.2
2024-07-14,24.3,22.7,74.5,19.8
2024-07-15,28.7,22.5,6.1,20.5
2024-07-16,28.8,22.5,2.5,26.7
2024-07-17,26.9,22.9,11.0,25.0
2024-07-18,26.7,22.9,6.3,26.7
2024-07-19,25.1,23.2,5.8,24.9
2024-07-20,25.9,22.9,21.3,27.3
2024-07-21,26.7,22.9,10.6,28.0
2024-07-22,24.4,22.8,21.3,26.9
2024-07-23,24.1,22.7,21.7,27.6
2024-07-24,24.6,22.6,24.5,32.9
2024-07-25,23.7,21.9,54.9,29.4
2024-07-26,25.1,22.0,15.9,26.1
2024-07-27,25.1,22.8,10.0,32.8
2024-07-28,25.0,22.7,11.4,27.7
2024-07-29,26.3,22.5,13.0,26.0
2024-07-30,27.7,22.4,7.4,26.5
2024-07-31,26.3,22.1,14.7,24.4
2024-08-01,26.6,22.8,2.2,26.8
2024-08-02,26.7,22.0,9.8,30.1
2024-08-03,25.8,22.6,8.2,29.6
2024-08-04,26.0,22.8,28.4,30.0
2024-08-05,26.8,22.6,3.3,26.5
2024-08-06,27.4,22.5,0.7,25.5
2024-08-07,27.0,22.7,2.7,23.8
2024-08-08,27.2,22.3,2.9,22.3
2024-08-09,24.8,22.1,6.4,20.1
2024-08-10,28.6,21.9,4.4,22.6
2024-08-11,27.6,22.0,1.1,23.2
2024-08-12,28.2,21.7,1.2,21.6
2024-08-13,29.5,21.5,0.5,16.7
2024-08-14,29.2,21.2,0.8,16.7
2024-08-15,30.4,21.4,0.3,17.3
2024-08-16,30.3,21.1,1.0,17.0
2024-08-17,28.8,21.4,2.9,11.5
2024-08-18,28.3,23.0,31.0,6.8
2024-08-19,30.3,22.4,8.9,8.1
2024-08-20,29.8,22.5,8.7,12.8
2024-08-21,30.3,22.0,18.1,14.0
2024-08-22,28.9,22.5,16.4,12.1
2024-08-23,27.9,23.0,15.4,17.6
2024-08-24,24.1,22.5,61.8,21.2
2024-08-25,25.3,21.4,24.3,30.5
2024-08-26,24.3,21.1,6.1,25.3
2024-08-27,26.1,21.4,7.9,27.9
2024-08-28,26.7,21.5,4.0,30.5
2024-08-29,27.1,22.1,1.5,25.5
2024-08-30,27.1,22.3,2.2,20.8
2024-08-31,25.6,22.2,9.7,17.6
2024-09-01,25.6,21.6,2.3,22.3
2024-09-02,23.8,22.2,49.4,18.8
2024-09-03,26.4,21.9,10.4,21.3
2024-09-04,26.6,22.6,1.4,23.8
2024-09-05,27.5,22.6,17.8,23.3
2024-09-06,26.4,21.9,1.7,24.9
2024-09-07,27.8,21.7,0.9,23.6
2024-09-08,28.2,22.2,1.8,19.8
2024-09-09,28.2,21.8,2.9,19.9
2024-09-10,27.7,22.4,18.7,17.7
2024-09-11,27.8,22.2,2.3,19.9
2024-09-12,27.5,21.8,0.3,23.6
2024-09-13,27.1,21.2,0.3,21.2
2024-09-14,27.1,20.6,0.9,22.8
2024-09-15,26.8,20.6,1.6,21.7
2024-09-16,28.3,20.0,0.7,16.5
2024-09-17,27.8,20.0,1.3,16.2
2024-09-18,28.6,19.1,0.0,14.1
2024-09-19,29.0,19.3,0.0,15.3
2024-09-20,28.1,20.7,4.4,14.9
2024-09-21,29.5,22.3,7.2,17.3
2024-09-22,29.6,21.3,13.0,13.8
2024-09-23,28.6,22.2,33.5,14.2
2024-09-24,29.5,21.7,19.7,8.9
2024-09-25,27.6,22.4,39.1,14.0
2024-09-26,25.4,21.7,13.3,22.7
2024-09-27,25.6,22.2,2.7,26.9
2024-09-28,27.5,22.2,0.9,20.2
2024-09-29,28.2,21.6,2.0,15.5
2024-09-30,29.8,20.8,0.0,8.6
2024-10-01,30.4,22.0,0.0,10.1
2024-10-02,30.6,22.5,2.5,14.9
2024-10-03,29.8,21.8,2.9,16.2
2024-10-04,28.8,21.0,1.0,16.1
2024-10-05,29.4,20.8,0.0,13.1
2024-10-06,29.5,20.9,1.3,17.5
2024-10-07,30.5,20.7,0.0,17.1
2024-10-08,30.4,20.6,0.4,12.3
2024-10-09,27.8,22.0,3.1,13.0
2024-10-10,29.0,21.1,4.2,23.2
2024-10-11,29.4,21.3,8.2,21.5
2024-10-12,29.8,21.3,5.8,15.7
2024-10-13,29.9,21.3,6.0,16.0
2024-10-14,29.2,20.6,7.0,15.4
2024-10-15,28.9,20.2,1.7,12.3
2024-10-16,29.8,21.2,14.5,13.7
2024-10-17,27.8,22.0,5.5,14.0
2024-10-18,29.1,21.6,17.4,20.8
2024-10-19,29.7,21.3,22.0,11.2
2024-10-20,28.2,21.1,7.4,12.5
2024-10-21,27.2,20.7,6.4,11.9
2024-10-22,28.3,19.8,0.4,9.2
2024-10-23,28.8,19.6,0.0,11.4
2024-10-24,28.7,19.5,0.0,9.3
2024-10-25,29.0,19.7,0.0,10.2
2024-10-26,29.1,18.7,0.0,11.7
2024-10-27,30.5,18.1,0.0,12.0
2024-10-28,30.7,18.9,0.0,11.1
2024-10-29,30.7,18.2,0.0,12.9
2024-10-30,29.6,19.0,0.3,9.7
2024-10-31,30.5,20.6,0.3,14.8
2024-11-01,30.0,20.7,0.1,14.3
2024-11-02,30.1,20.1,0.0,13.9
2024-11-03,30.2,18.6,0.0,13.9
2024-11-04,30.1,18.6,0.0,14.3
2024-11-05,29.7,19.0,0.0,14.3
2024-11-06,30.2,17.9,0.0,11.5
2024-11-07,30.0,19.0,0.0,11.3
2024-11-08,29.6,19.1,0.0,16.6
2024-11-09,29.7,18.4,0.0,14.8
2024-11-10,29.4,19.5,0.0,12.0
2024-11-11,29.1,18.5,0.0,17.5
2024-11-12,29.3,16.4,0.0,16.2
2024-11-13,30.2,17.8,0.0,13.0
2024-11-14,32.1,18.9,0.0,13.7
2024-11-15,31.3,21.5,1.1,10.2
2024-11-16,31.2,22.4,0.1,11.3
2024-11-17,30.9,21.8,0.0,13.5
2024-11-18,28.9,17.8,0.0,12.6
2024-11-19,28.4,16.4,0.0,10.1
2024-11-20,28.0,15.9,0.0,11.4
2024-11-21,29.0,16.0,0.0,9.5
2024-11-22,29.2,15.7,0.0,9.3
2024-11-23,29.6,15.6,0.0,10.1
2024-11-24,28.9,16.8,0.0,11.0
2024-11-25,27.9,15.6,0.0,11.6
2024-11-26,27.4,14.8,0.0,11.5
2024-11-27,27.4,14.4,0.0,11.0
2024-11-28,27.5,14.4,0.0,16.5
2024-11-29,27.0,14.1,0.0,11.6
2024-11-30,27.9,14.0,0.0,10.4
2024-12-01,29.0,16.1,0.0,9.7
2024-12-02,28.9,21.1,0.3,14.8
2024-12-03,29.5,20.7,1.1,15.9
2024-12-04,30.6,21.3,0.9,15.9
2024-12-05,31.4,20.8,0.2,10.3
2024-12-06,31.8,21.3,0.0,7.3
2024-12-07,31.6,21.0,0.0,11.4
2024-12-08,30.1,18.9,0.0,12.2
2024-12-09,29.5,16.1,0.0,10.5
2024-12-10,28.4,15.5,0.0,7.9
2024-12-11,29.3,16.7,0.0,7.8
2024-12-12,28.4,16.2,0.0,8.1
2024-12-13,27.8,15.9,0.0,10.8
2024-12-14,27.6,14.1,0.0,11.3
2024-12-15,27.9,13.2,0.0,9.3
2024-12-16,27.8,12.5,0.0,7.9
2024-12-17,28.6,12.1,0.0,9.3
2024-12-18,28.8,12.4,0.0,6.4
2024-12-19,29.6,12.6,0.0,8.3
2024-12-20,30.1,15.5,0.0,10.6
2024-12-21,30.3,16.3,0.0,12.3
2024-12-22,29.5,17.6,0.0,15.1
2024-12-23,27.9,17.2,0.1,11.9
2024-12-24,28.1,17.4,0.3,10.1
2024-12-25,30.0,17.4,0.1,11.9
2024-12-26,30.1,19.6,0.2,11.9
2024-12-27,29.9,19.7,0.7,11.4
2024-12-28,29.7,19.1,1.8,11.4
2024-12-29,30.6,19.2,0.2,7.6
2024-12-30,30.7,19.4,0.0,8.2
2024-12-31,30.3,18.5,0.0,9.9
